arm,intensity,group,step,cet1_pct,lcr_pct,n_banks
S,0.1,AT,0,15.1306658677179,25.3099235963243,6
S,0.1,AT,1,15.1256787352673,25.2918644367299,6
S,0.1,AT,2,15.1234978638855,25.2692151437935,6
S,0.1,AT,3,15.1225349849165,25.241927552695,6
S,0.1,AT,4,15.1223171549552,25.210193698126,6
S,0.1,AT,5,15.1228026907316,25.1743601136386,6
S,0.1,AT,6,15.1232628065415,25.1307832714734,6
S,0.1,AT,7,15.1229169464218,25.0775663028636,6
S,0.1,AT,8,15.1227260419557,25.0205344696865,6
S,0.1,AT,9,15.1225972294648,24.9602415535749,6
S,0.1,AT,10,15.1224726866424,24.8972312332659,6
S,0.1,AT,11,15.1224338497457,24.8320538312338,6
S,0.1,AT,12,15.1224232270392,24.7652248271247,6
S,0.1,AT,13,15.12241395825,24.6972186480945,6
S,0.1,AT,14,15.1224060528984,24.6284648623318,6
S,0.1,BE,0,18.4485958712973,21.7271369070566,4
S,0.1,BE,1,18.4458859629395,21.7265208896431,4
S,0.1,BE,2,18.4445917738926,21.7262586476238,4
S,0.1,BE,3,18.4429951898974,21.725937012978,4
S,0.1,BE,4,18.4411865421284,21.7255756014407,4
S,0.1,BE,5,18.4398884863897,21.7253186565154,4
S,0.1,BE,6,18.4388158213956,21.7251027604256,4
S,0.1,BE,7,18.4376721611336,21.724871636189,4
S,0.1,BE,8,18.4366955258608,21.7246744694149,4
S,0.1,BE,9,18.4362883968376,21.72459356924,4
S,0.1,BE,10,18.4359040015462,21.7245177835608,4
S,0.1,BE,11,18.4355709234709,21.724449613065,4
S,0.1,BE,12,18.4352824050095,21.7243893135274,4
S,0.1,BE,13,18.4350309293956,21.7243368180237,4
S,0.1,BE,14,18.4348166256967,21.7242921243602,4
S,0.1,DE,0,17.1212881956736,19.7753371882733,14
S,0.1,DE,1,17.1106966600559,19.7747627326438,14
S,0.1,DE,2,17.1040896084902,19.77471744239,14
S,0.1,DE,3,17.0977995243031,19.7747967265871,14
S,0.1,DE,4,17.0915336596562,19.77510984393,14
S,0.1,DE,5,17.0870426039707,19.7759769099354,14
S,0.1,DE,6,17.0843095792648,19.7771555502467,14
S,0.1,DE,7,17.0818902307809,19.7785656936765,14
S,0.1,DE,8,17.079922537257,19.7801560025538,14
S,0.1,DE,9,17.0795305453528,19.7819727222212,14
S,0.1,DE,10,17.0786525183755,19.7815574943565,14
S,0.1,DE,11,17.0779035025319,19.7799752672438,14
S,0.1,DE,12,17.0773653218555,19.7783035669654,14
S,0.1,DE,13,17.0768967696071,19.7765416809002,14
S,0.1,DE,14,17.0764979547636,19.7746917345222,14
S,0.1,ES,0,12.5012682870816,29.6764624543332,6
S,0.1,ES,1,12.49403995727,29.6629070794505,6
S,0.1,ES,2,12.4912126954961,29.6276696084131,6
S,0.1,ES,3,12.4924865733809,29.5843162020697,6
S,0.1,ES,4,12.4912734725486,29.5278332017093,6
S,0.1,ES,5,12.492324462637,29.4609627376731,6
S,0.1,ES,6,12.4962005446029,29.386040369969,6
S,0.1,ES,7,12.5010100191424,29.3032358616453,6
S,0.1,ES,8,12.5070220187941,29.2131280307904,6
S,0.1,ES,9,12.5147338679258,29.1164694133429,6
S,0.1,ES,10,12.5221324625137,29.0134001511404,6
S,0.1,ES,11,12.5290674329515,28.9044384829962,6
S,0.1,ES,12,12.5353519737688,28.7901033058087,6
S,0.1,ES,13,12.5408691757449,28.6709142216075,6
S,0.1,ES,14,12.5455829096268,28.5473919347787,6
S,0.1,FR,0,14.2115768057503,20.0151935547451,5
S,0.1,FR,1,14.10693779199,20.0285377106169,5
S,0.1,FR,2,14.0405702189997,20.0502189817701,5
S,0.1,FR,3,13.9797507969666,20.0562264049206,5
S,0.1,FR,4,13.9258806003614,20.0184021709125,5
S,0.1,FR,5,13.8897423657344,19.9504610043778,5
S,0.1,FR,6,13.8751830929695,19.8684812558472,5
S,0.1,FR,7,13.8695168197143,19.7774139527453,5
S,0.1,FR,8,13.8446022592776,19.6724110512839,5
S,0.1,FR,9,13.8343805682558,19.559006944911,5
S,0.1,FR,10,13.8249681945434,19.4381593693907,5
S,0.1,FR,11,13.8173399466568,19.3111318850262,5
S,0.1,FR,12,13.810991633298,19.1791726566089,5
S,0.1,FR,13,13.8055581513912,19.0435077391641,5
S,0.1,FR,14,13.8009983140032,18.9053681145131,5
S,0.1,GR,0,13.417967431686,25.5693524066213,4
S,0.1,GR,1,13.4174171171077,25.5197765240629,4
S,0.1,GR,2,13.4170625988501,25.4541062793171,4
S,0.1,GR,3,13.4165173210674,25.3727628151808,4
S,0.1,GR,4,13.4157762313709,25.2762814245282,4
S,0.1,GR,5,13.4148669628612,25.1653067738053,4
S,0.1,GR,6,13.4146277946401,25.0407607351007,4
S,0.1,GR,7,13.414521360312,24.903562750234,4
S,0.1,GR,8,13.4144062882991,24.7546763450853,4
S,0.1,GR,9,13.4142919908938,24.5951132311139,4
S,0.1,GR,10,13.414173142102,24.425910601833,4
S,0.1,GR,11,13.4141335933802,24.2481390100845,4
S,0.1,GR,12,13.41413288982,24.0647079067295,4
S,0.1,GR,13,13.414132269987,23.8869149826941,4
S,0.1,GR,14,13.4141317369357,23.7143659555349,4
S,0.1,IT,0,15.0162444140534,37.152739737311,7
S,0.1,IT,1,14.9750749811223,37.1465483638625,7
S,0.1,IT,2,14.9466932989544,37.1419395002335,7
S,0.1,IT,3,14.9213812103046,37.137957614828,7
S,0.1,IT,4,14.8972290235982,37.1336508926051,7
S,0.1,IT,5,14.8794604076406,37.1303750747801,7
S,0.1,IT,6,14.8666872828202,37.1277345230166,7
S,0.1,IT,7,14.8553951929481,37.1254525943191,7
S,0.1,IT,8,14.8454561240222,37.1234580520024,7
S,0.1,IT,9,14.8409793440486,37.1225505413787,7
S,0.1,IT,10,14.8367814686661,37.1217058107362,7
S,0.1,IT,11,14.8331892168811,37.1209610803015,7
S,0.1,IT,12,14.8301004047155,37.1203167390896,7
S,0.1,IT,13,14.8274222199854,37.1197580122471,7
S,0.1,IT,14,14.8251505299518,37.1192841096193,7
S,0.1,NL,0,17.2262118737104,22.3126150197265,5
S,0.1,NL,1,17.2177339456519,22.3116648054026,5
S,0.1,NL,2,17.2109424973789,22.3108606718938,5
S,0.1,NL,3,17.2035425990956,22.3099361191135,5
S,0.1,NL,4,17.1957724849033,22.3089673991171,5
S,0.1,NL,5,17.1909719782743,22.3083906874311,5
S,0.1,NL,6,17.186965640152,22.3078929446896,5
S,0.1,NL,7,17.1827137493488,22.3073612589103,5
S,0.1,NL,8,17.1790502100574,22.3069050838757,5
S,0.1,NL,9,17.1778782419273,22.3067614787477,5
S,0.1,NL,10,17.1767641629653,22.3066249159204,5
S,0.1,NL,11,17.1758181038634,22.3065065086593,5
S,0.1,NL,12,17.1750092073685,22.3064039497954,5
S,0.1,NL,13,17.1743032379872,22.3063161694086,5
S,0.1,NL,14,17.1737010768848,22.3062416983001,5
S,0.1,Other euro area,0,19.8066543281419,47.3603253791201,16
S,0.1,Other euro area,1,19.7969083110974,47.3634516931356,16
S,0.1,Other euro area,2,19.7942936003068,47.3500931544636,16
S,0.1,Other euro area,3,19.7927231943953,47.333670359732,16
S,0.1,Other euro area,4,19.7915672663472,47.3142050734242,16
S,0.1,Other euro area,5,19.7907487588425,47.2918146901805,16
S,0.1,Other euro area,6,19.7904057678207,47.266636169986,16
S,0.1,Other euro area,7,19.7900846165158,47.2388124204478,16
S,0.1,Other euro area,8,19.7897767768329,47.2085215183221,16
S,0.1,Other euro area,9,19.7896120262882,47.1759735694669,16
S,0.1,Other euro area,10,19.7894563927319,47.1413338444372,16
S,0.1,Other euro area,11,19.7893638711688,47.1048042128313,16
S,0.1,Other euro area,12,20.3495749994397,47.9831789751199,15
S,0.1,Other euro area,13,20.3495204916039,47.9831694028759,15
S,0.1,Other euro area,14,20.3494751482201,47.983161347892,15
S,0.2,AT,0,14.8685745310859,25.280757934943,6
S,0.2,AT,1,14.8640910740439,25.2630357336992,6
S,0.2,AT,2,14.862708443006,25.2409527801683,6
S,0.2,AT,3,14.8624760995194,25.2091147978489,6
S,0.2,AT,4,14.8615617927661,25.1596059544132,6
S,0.2,AT,5,14.861206023855,25.1031485050293,6
S,0.2,AT,6,14.8610341565547,25.0403219860763,6
S,0.2,AT,7,14.8610099850319,24.9717519234095,6
S,0.2,AT,8,14.8609905270986,24.8980848964343,6
S,0.2,AT,9,14.8609720326532,24.8199803044666,6
S,0.2,AT,10,14.86095494586,24.7380928443542,6
S,0.2,AT,11,14.8609423620881,24.6530571451764,6
S,0.2,AT,12,14.8608796813671,24.56545659894,6
S,0.2,AT,13,14.8608272487186,24.4758504681102,6
S,0.2,AT,14,15.6139606340988,28.1414557074456,5
S,0.2,BE,0,18.2028760175117,21.7113552809925,4
S,0.2,BE,1,18.1996528107567,21.710637250343,4
S,0.2,BE,2,18.1973187859051,21.7101618700602,4
S,0.2,BE,3,18.194508636565,21.7096001820111,4
S,0.2,BE,4,18.1921989020322,21.7091429890979,4
S,0.2,BE,5,18.190260386373,21.7087480268297,4
S,0.2,BE,6,18.1891556716365,21.7085211076218,4
S,0.2,BE,7,18.1883606527931,21.7083537879034,4
S,0.2,BE,8,18.187835800218,21.7082444244074,4
S,0.2,BE,9,18.1873388700288,21.7081411309649,4
S,0.2,BE,10,18.1868811820505,21.708046179124,4
S,0.2,BE,11,18.1865446307824,21.7079764838513,4
S,0.2,BE,12,18.1862024676219,21.7079069180819,4
S,0.2,BE,13,18.1858621209285,21.7078377295363,4
S,0.2,BE,14,18.1855234675637,21.7077689009337,4
S,0.2,DE,0,16.7134241798382,19.7546518403399,14
S,0.2,DE,1,16.7017292743105,19.7545995998987,14
S,0.2,DE,2,16.6924724908977,19.7551806583741,14
S,0.2,DE,3,16.6839628979775,19.756233702057,14
S,0.2,DE,4,16.6781000424789,19.7582249513439,14
S,0.2,DE,5,16.675239607225,19.7589977638036,14
S,0.2,DE,6,16.673805162271,19.7554980418891,14
S,0.2,DE,7,16.672732211494,19.7513999493422,14
S,0.2,DE,8,16.6718928785434,19.7469426135619,14
S,0.2,DE,9,16.6711011567457,19.7421115506046,14
S,0.2,DE,10,16.6703751735869,19.7369239358851,14
S,0.2,DE,11,16.6698442012031,19.7314199480622,14
S,0.2,DE,12,16.6690884097646,19.7255627289263,14
S,0.2,DE,13,16.6684062296265,19.7193710339977,14
S,0.2,DE,14,16.6677660553072,19.7128631286633,14
S,0.2,ES,0,12.1967806854767,29.6401948527194,6
S,0.2,ES,1,12.1867204831412,29.6051034126069,6
S,0.2,ES,2,12.1831878633508,29.5536969503971,6
S,0.2,ES,3,12.1790850976916,29.4848182854747,6
S,0.2,ES,4,12.1790558602672,29.40060790457,6
S,0.2,ES,5,12.1844242488773,29.304737453547,6
S,0.2,ES,6,12.1944466272531,29.1979390218779,6
S,0.2,ES,7,12.2058824078718,29.0803627784284,6
S,0.2,ES,8,12.2179502347867,28.9527437449958,6
S,0.2,ES,9,12.2297535863406,28.8158456237914,6
S,0.2,ES,10,12.2387915560862,28.6690759114915,6
S,0.2,ES,11,12.2383418196149,28.5086781235755,6
S,0.2,ES,12,12.2376112321364,28.3402238047612,6
S,0.2,ES,13,12.2370071800434,28.1645988046873,6
S,0.2,ES,14,12.2364740184455,27.9826833154101,6
S,0.2,FR,0,13.8351114875019,19.9892959594808,5
S,0.2,FR,1,13.7186000550491,20.0056910800121,5
S,0.2,FR,2,13.6158084153913,20.0294013346067,5
S,0.2,FR,3,13.5330986897355,19.9939768092937,5
S,0.2,FR,4,13.4910694600255,19.9097662914579,5
S,0.2,FR,5,13.451821599492,19.8028086657007,5
S,0.2,FR,6,13.4301648655664,19.6819398662635,5
S,0.2,FR,7,13.4151766229697,19.5488592247892,5
S,0.2,FR,8,13.4032769279216,19.4053302842998,5
S,0.2,FR,9,13.3923984467957,19.2530875111348,5
S,0.2,FR,10,13.3826868188123,19.0940264535723,5
S,0.2,FR,11,13.3757705762487,18.9303651954026,5
S,0.2,FR,12,13.364880743818,18.7633248179839,5
S,0.2,FR,13,13.3557130225434,18.5949296236829,5
S,0.2,FR,14,13.3474968566828,18.4269967070391,5
S,0.2,GR,0,13.1245399681293,25.52192671131,4
S,0.2,GR,1,13.1238262719669,25.4598107249831,4
S,0.2,GR,2,13.1232097280164,25.3775550179672,4
S,0.2,GR,3,13.1222791163676,25.2757117830574,4
S,0.2,GR,4,13.121078518231,25.1549894173475,4
S,0.2,GR,5,13.1208056687415,25.0164757193333,4
S,0.2,GR,6,13.120641727944,24.8612652004332,4
S,0.2,GR,7,13.1206279466371,24.6905864655371,4
S,0.2,GR,8,13.1206266542839,24.5057186030581,4
S,0.2,GR,9,13.1206254051221,24.3079868045212,4
S,0.2,GR,10,13.1206242329139,24.0987347749845,4
S,0.2,GR,11,13.1206233548278,23.890607254821,4
S,0.2,GR,12,13.1206099916389,23.6869756539039,4
S,0.2,GR,13,13.1205966290789,23.4874723281151,4
S,0.2,GR,14,13.1205832671477,23.2917645504642,4
S,0.2,IT,0,14.4022049709639,37.0732408386335,7
S,0.2,IT,1,14.3555388616188,37.0659706153728,7
S,0.2,IT,2,14.3154703581848,37.0588761527231,7
S,0.2,IT,3,14.2772136551949,37.0523406410504,7
S,0.2,IT,4,14.2500907733244,37.0476139917268,7
S,0.2,IT,5,14.2320753715321,37.0442897226672,7
S,0.2,IT,6,14.223542689434,37.0425477758931,7
S,0.2,IT,7,14.2169089799999,37.0411302534481,7
S,0.2,IT,8,14.2111326429497,37.0399341442909,7
S,0.2,IT,9,14.2057142647172,37.0388179607509,7
S,0.2,IT,10,14.2007699837419,37.037799521094,7
S,0.2,IT,11,14.1971707872581,37.0370581710454,7
S,0.2,IT,12,14.192674642031,37.0362977482073,7
S,0.2,IT,13,14.1886088188047,37.0355669022463,7
S,0.2,IT,14,14.1847910835961,37.0348418404546,7
S,0.2,NL,0,17.0038707272317,22.2957245524578,5
S,0.2,NL,1,16.9928439821779,22.2944465498807,5
S,0.2,NL,2,16.9807083411359,22.2929565839666,5
S,0.2,NL,3,16.9678854054282,22.2913494256689,5
S,0.2,NL,4,16.958110757751,22.2902286877242,5
S,0.2,NL,5,16.9494586296002,22.2894507441116,5
S,0.2,NL,6,16.9441837668594,22.2890837958289,5
S,0.2,NL,7,16.9408824179304,22.2888455758191,5
S,0.2,NL,8,16.9394737258743,22.2886776859332,5
S,0.2,NL,9,16.9381366080924,22.2885221205933,5
S,0.2,NL,10,16.9369033358931,22.2883781182524,5
S,0.2,NL,11,16.9359959895939,22.2882717544696,5
S,0.2,NL,12,16.9350622628208,22.2881649988097,5
S,0.2,NL,13,16.9341403255265,22.2880587202486,5
S,0.2,NL,14,16.9332266944035,22.2879529159474,5
S,0.2,Other euro area,0,19.3447020104715,47.2834070212624,16
S,0.2,Other euro area,1,19.3344651017786,47.281002645685,16
S,0.2,Other euro area,2,19.3315354467148,47.2642824984435,16
S,0.2,Other euro area,3,19.3295892390587,47.2437356280968,16
S,0.2,Other euro area,4,19.3282392383592,47.2194709762441,16
S,0.2,Other euro area,5,19.3275115256067,47.1916489157115,16
S,0.2,Other euro area,6,19.3272257683287,47.1605026093953,16
S,0.2,Other euro area,7,19.3270896615306,47.1262468580123,16
S,0.2,Other euro area,8,19.3269742913756,47.0891308003913,16
S,0.2,Other euro area,9,19.3268713300297,47.049426309541,16
S,0.2,Other euro area,10,19.3267811395712,47.0074173276614,16
S,0.2,Other euro area,11,19.8797607944107,47.9041719707661,15
S,0.2,Other euro area,12,19.8795149655813,47.904157961648,15
S,0.2,Other euro area,13,19.8793316307698,47.9041440656844,15
S,0.2,Other euro area,14,19.8791830485286,47.9041302798706,15
S,0.3,AT,0,14.6063322106928,25.2515954591139,6
S,0.3,AT,1,14.6020754334512,25.2342352511082,6
S,0.3,AT,2,14.600902864842,25.2049410226313,6
S,0.3,AT,3,14.5996818942968,25.1533697467409,6
S,0.3,AT,4,14.5991768892566,25.0926428936286,6
S,0.3,AT,5,14.5990817768893,25.0233985875237,6
S,0.3,AT,6,14.5990435571887,24.9463332647865,6
S,0.3,AT,7,14.5990047844882,24.8621980979192,6
S,0.3,AT,8,14.5989663290089,24.7717801092365,6
S,0.3,AT,9,14.598943922416,24.67588259608,6
S,0.3,AT,10,14.5989287363432,24.5752950670954,6
S,0.3,AT,11,14.5989133485115,24.470780271873,6
S,0.3,AT,12,14.5989105500364,24.3630620987854,6
S,0.3,AT,13,14.5989101918878,24.2536446151916,6
S,0.3,AT,14,15.3242278462878,27.8938023849303,5
S,0.3,BE,0,17.9570308429838,21.6955586083177,4
S,0.3,BE,1,17.9523911480886,21.6945440171022,4
S,0.3,BE,2,17.9489407790075,21.6938462952274,4
S,0.3,BE,3,17.9453759942952,21.6931405804571,4
S,0.3,BE,4,17.9434714233947,21.6927635378319,4
S,0.3,BE,5,17.942611046875,21.6925865593715,4
S,0.3,BE,6,17.9418735086985,21.6924336284524,4
S,0.3,BE,7,17.9411565216987,21.6922856074763,4
S,0.3,BE,8,17.9404766692797,21.6921457385411,4
S,0.3,BE,9,17.9402461574164,21.6920989321938,4
S,0.3,BE,10,17.9402188648686,21.6920940371529,4
S,0.3,BE,11,17.9401906676744,21.6920889734314,4
S,0.3,BE,12,17.940175639341,21.6920861415589,4
S,0.3,BE,13,17.9401629543815,21.6920837009044,4
S,0.3,BE,14,17.9401500345988,21.6920812151254,4
S,0.3,DE,0,16.3058655615086,19.7333758694029,14
S,0.3,DE,1,16.2907507828836,19.7333330711159,14
S,0.3,DE,2,16.2805853553179,19.7344930996084,14
S,0.3,DE,3,16.2719528375882,19.7358455249112,14
S,0.3,DE,4,16.2662697306266,19.730702027413,14
S,0.3,DE,5,16.2640052145368,19.723722395495,14
S,0.3,DE,6,16.2626088532809,19.7158883896938,14
S,0.3,DE,7,16.2612174795773,19.7072106761231,14
S,0.3,DE,8,16.2598647900096,19.697731878635,14
S,0.3,DE,9,16.2592151609197,19.6876219069498,14
S,0.3,DE,10,16.2588766385806,19.6768481561751,14
S,0.3,DE,11,16.2585336708358,19.665395930709,14
S,0.3,DE,12,16.2584562557169,19.6533281520821,14
S,0.3,DE,13,16.2584290049108,19.6406884917885,14
S,0.3,DE,14,16.2584012594248,19.6275271424848,14
S,0.3,ES,0,11.8895937937494,29.5971885051523,6
S,0.3,ES,1,11.8752968603249,29.5422085513998,6
S,0.3,ES,2,11.869425131639,29.4697128348628,6
S,0.3,ES,3,11.8637655314652,29.3717638827549,6
S,0.3,ES,4,11.8705255004267,29.2581333486897,6
S,0.3,ES,5,11.8835548713377,29.1289971614905,6
S,0.3,ES,6,11.8988518025218,28.9846689672566,6
S,0.3,ES,7,11.9149438855641,28.8261741650583,6
S,0.3,ES,8,11.9197109982135,28.6468346295234,6
S,0.3,ES,9,11.9193483490103,28.4506962941884,6
S,0.3,ES,10,11.9192528887793,28.2421021722029,6
S,0.3,ES,11,11.9191552810607,28.0223552723384,6
S,0.3,ES,12,11.9191213457152,27.7927972001834,6
S,0.3,ES,13,12.0491622809961,25.7133658299208,5
S,0.3,ES,14,12.0491359873863,25.5427761105796,5
S,0.3,FR,0,13.4606190937783,19.9626080618031,5
S,0.3,FR,1,13.3052109797305,19.9799579960545,5
S,0.3,FR,2,13.1770155365237,19.988328595073,5
S,0.3,FR,3,13.1021154159908,19.9103388596916,5
S,0.3,FR,4,13.0516619291078,19.7935140026372,5
S,0.3,FR,5,13.024616315499,19.6588306532193,5
S,0.3,FR,6,13.0064874643071,19.5086319549355,5
S,0.3,FR,7,12.9901396149597,19.3451055470225,5
S,0.3,FR,8,12.9755415441932,19.1707597561546,5
S,0.3,FR,9,12.9706432351657,18.9894147976043,5
S,0.3,FR,10,12.969787357304,18.8042131159095,5
S,0.3,FR,11,12.9689065823909,18.6176362611531,5
S,0.3,FR,12,12.9684845950037,18.4320711543136,5
S,0.3,FR,13,12.968145685729,18.2501570262367,5
S,0.3,FR,14,12.9678009150943,18.0806805942883,5
S,0.3,GR,0,12.831607976571,25.474751862657,4
S,0.3,GR,1,12.8307660175348,25.3976999501866,4
S,0.3,GR,2,12.8298918967413,25.2954088596527,4
S,0.3,GR,3,12.8286267564798,25.1688132959113,4
S,0.3,GR,4,12.8279257961085,25.0190125519505,4
S,0.3,GR,5,12.8278738256787,24.8473806798649,4
S,0.3,GR,6,12.827855598646,24.6553598033413,4
S,0.3,GR,7,12.8278358389054,24.4445152199867,4
S,0.3,GR,8,12.8278148855796,24.216501626917,4
S,0.3,GR,9,12.8277940039828,23.9738090806646,4
S,0.3,GR,10,12.8277729933268,23.7343726536623,4
S,0.3,GR,11,12.8277516742122,23.4978445265897,4
S,0.3,GR,12,12.8277480069708,23.2639230762575,4
S,0.3,GR,13,12.8277478155499,23.0323474941628,4
S,0.3,GR,14,12.8277476205782,22.8028947088762,4
S,0.3,IT,0,13.7894005603862,36.9947233486996,7
S,0.3,IT,1,13.7343089083084,36.986661797951,7
S,0.3,IT,2,13.6868606958095,36.9789602395067,7
S,0.3,IT,3,13.64982440553,36.9739660225132,7
S,0.3,IT,4,13.6334742122777,36.9727815389154,7
S,0.3,IT,5,13.6289597955448,36.9739050018528,7
S,0.3,IT,6,13.6256973014498,36.9748360176657,7
S,0.3,IT,7,13.6214928271546,36.9752619920418,7
S,0.3,IT,8,13.6182385584822,36.975522211322,7
S,0.3,IT,9,13.6198694724394,36.97636527376,7
S,0.3,IT,10,13.6236911154664,36.9772409997842,7
S,0.3,IT,11,13.6259715800848,36.9660859120109,7
S,0.3,IT,12,13.6287172051896,36.9518242630748,7
S,0.3,IT,13,13.6316590319141,36.9366169358999,7
S,0.3,IT,14,13.6346419766971,36.9204700542895,7
S,0.3,NL,0,16.7813736429535,22.2788180512642,5
S,0.3,NL,1,16.7616223715493,22.276384973885,5
S,0.3,NL,2,16.7439440322926,22.2744632045228,5
S,0.3,NL,3,16.7279468438861,22.2731217578523,5
S,0.3,NL,4,16.7208755199665,22.272309491033,5
S,0.3,NL,5,16.7181390960372,22.2719859045854,5
S,0.3,NL,6,16.7161618857323,22.2717498086972,5
S,0.3,NL,7,16.7142284904658,22.2715249925647,5
S,0.3,NL,8,16.7123878442135,22.2713106176617,5
S,0.3,NL,9,16.7117532769956,22.271236558147,5
S,0.3,NL,10,16.7116646816301,22.2712266128032,5
S,0.3,NL,11,16.7115730585162,22.2712163007928,5
S,0.3,NL,12,16.7115214328226,22.2712100496541,5
S,0.3,NL,13,16.7114767527725,22.2712044878952,5
S,0.3,NL,14,16.7114312556121,22.2711988245541,5
S,0.3,Other euro area,0,18.8827257866922,47.2065529943484,16
S,0.3,Other euro area,1,18.8719213769445,47.1983090132566,16
S,0.3,Other euro area,2,18.8687035359749,47.1780592478357,16
S,0.3,Other euro area,3,18.8664987998237,47.1532122334642,16
S,0.3,Other euro area,4,18.8652657742348,47.1239689450085,16
S,0.3,Other euro area,5,18.864728215471,47.0905717339382,16
S,0.3,Other euro area,6,18.86453431133,47.0532917984173,16
S,0.3,Other euro area,7,18.8643556274779,47.0124590723495,16
S,0.3,Other euro area,8,18.8641927471222,46.9684378236677,16
S,0.3,Other euro area,9,19.4099350020569,47.8252078299195,15
S,0.3,Other euro area,10,19.4098956066856,47.8252064593293,15
S,0.3,Other euro area,11,19.4098555521987,47.8252050469598,15
S,0.3,Other euro area,12,19.4098467027602,47.8252043556836,15
S,0.3,Other euro area,13,19.4098439297646,47.8252037950528,15
S,0.3,Other euro area,14,19.4098411059765,47.8252032241198,15
S,0.4,AT,0,14.3439126397186,25.2224343401562,6
S,0.4,AT,1,14.3396425153571,25.2054868919276,6
S,0.4,AT,2,14.3380742668127,25.1577126734004,6
S,0.4,AT,3,14.3371318753196,25.0963314158143,6
S,0.4,AT,4,14.3368977631052,25.0240976867988,6
S,0.4,AT,5,14.3368155867755,24.9417809187741,6
S,0.4,AT,6,14.3367745842581,24.8502351328757,6
S,0.4,AT,7,14.3367458868818,24.7503836177145,6
S,0.4,AT,8,14.3367451784044,24.6431939444152,6
S,0.4,AT,9,14.3367444289706,24.5296340710541,6
S,0.4,AT,10,14.3367436476476,24.410666294399,6
S,0.4,AT,11,14.3367428432028,24.2872189352588,6
S,0.4,AT,12,14.3367420239328,24.1603861943236,6
S,0.4,AT,13,15.0341375088659,27.7313220562804,5
S,0.4,AT,14,15.0341365170296,27.6475415120481,5
S,0.4,BE,0,17.7111608170978,21.6797590273154,4
S,0.4,BE,1,17.7049479857828,21.6784165895801,4
S,0.4,BE,2,17.7005245225417,21.6775338817895,4
S,0.4,BE,3,17.697817978166,21.6770123163518,4
S,0.4,BE,4,17.6963997492616,21.6767272367237,4
S,0.4,BE,5,17.6955381097992,21.6765502291557,4
S,0.4,BE,6,17.694678001531,21.6763733076339,4
S,0.4,BE,7,17.6939077639363,21.6762150911728,4
S,0.4,BE,8,17.6938828391338,21.67621031158,4
S,0.4,BE,9,17.693856486898,21.6762052584908,4
S,0.4,BE,10,17.6938290285123,21.6761999935501,4
S,0.4,BE,11,17.6938007742707,21.6761945762871,4
S,0.4,BE,12,17.6937720174598,21.6761890629607,4
S,0.4,BE,13,17.6937430297866,21.6761835056831,4
S,0.4,BE,14,17.6937140582352,21.6761779518185,4
S,0.4,DE,0,15.8969200991947,19.7120903292143,14
S,0.4,DE,1,15.8783612903733,19.7120600242923,14
S,0.4,DE,2,15.8665827278815,19.7126209647251,14
S,0.4,DE,3,15.8576218541699,19.7070409647129,14
S,0.4,DE,4,15.8532393450125,19.6974804201712,14
S,0.4,DE,5,15.8509486448923,19.686619754108,14
S,0.4,DE,6,15.8493799570033,19.674445740012,14
S,0.4,DE,7,15.8481477593563,19.661056168643,14
S,0.4,DE,8,15.8480940525412,19.6467284448935,14
S,0.4,DE,9,15.8480373110344,19.6313256989421,14
S,0.4,DE,10,15.8479782346638,19.614943242336,14
S,0.4,DE,11,15.8479174985646,19.5976802517771,14
S,0.4,DE,12,15.8478557402558,19.5796383400745,14
S,0.4,DE,13,15.8477935500007,19.5609201070491,14
S,0.4,DE,14,15.847731464449,19.5416277129193,14
S,0.4,ES,0,11.5807665664747,29.5487660492791,6
S,0.4,ES,1,11.5624852570428,29.4781485077715,6
S,0.4,ES,2,11.5520404199178,29.3801086345353,6
S,0.4,ES,3,11.5537923560361,29.2566774563389,6
S,0.4,ES,4,11.5663275832969,29.1129373045918,6
S,0.4,ES,5,11.5837738289878,28.9493464272633,6
S,0.4,ES,6,11.6016751800548,28.7657248662497,6
S,0.4,ES,7,11.600622975894,28.5507880161046,6
S,0.4,ES,8,11.6005791115999,28.3177364157531,6
S,0.4,ES,9,11.6005327608658,28.0683475015911,6
S,0.4,ES,10,11.6004844935767,27.8044806288396,6
S,0.4,ES,11,11.6004348595295,27.5280339651276,6
S,0.4,ES,12,11.7226930638396,25.3822050887323,5
S,0.4,ES,13,11.7226332016138,25.1629006560787,5
S,0.4,ES,14,11.7225734237725,24.9360255639794,5
S,0.4,FR,0,13.0845870505673,19.9359346528075,5
S,0.4,FR,1,12.8829774693724,19.954693350428,5
S,0.4,FR,2,12.7474410714119,19.934769217325,5
S,0.4,FR,3,12.6818823477044,19.8198418303626,5
S,0.4,FR,4,12.6364425194867,19.6786554666194,5
S,0.4,FR,5,12.6121139479217,19.517667425678,5
S,0.4,FR,6,12.5930426312432,19.3399029515108,5
S,0.4,FR,7,12.5769378809727,19.1487291046708,5
S,0.4,FR,8,12.5762705201971,18.9494667783293,5
S,0.4,FR,9,12.5755666575035,18.7455288227525,5
S,0.4,FR,10,12.5748351933399,18.5402070423909,5
S,0.4,FR,11,12.5740846832013,18.3391532318298,5
S,0.4,FR,12,12.5733231771715,18.152677676293,5
S,0.4,FR,13,12.5725581047159,17.9825197073824,5
S,0.4,FR,14,12.5717962051472,17.8277087952603,5
S,0.4,GR,0,12.5382063302707,25.4236814786511,4
S,0.4,GR,1,12.5371212758196,25.3281027702505,4
S,0.4,GR,2,12.5359263888036,25.2016185572005,4
S,0.4,GR,3,12.5344666238042,25.0452110037554,4
S,0.4,GR,4,12.5343298633717,24.8604591361752,4
S,0.4,GR,5,12.5342833262717,24.6490369140292,4
S,0.4,GR,6,12.5342676693521,24.412820466691,4
S,0.4,GR,7,12.5342655811594,24.1538415796573,4
S,0.4,GR,8,12.5342652062204,23.8758865863727,4
S,0.4,GR,9,12.5342648097944,23.5989080815113,4
S,0.4,GR,10,12.5342643967277,23.3226706146745,4
S,0.4,GR,11,12.5342639717086,23.0469964477279,4
S,0.4,GR,12,12.5342635391773,22.7717598917919,4
S,0.4,GR,13,12.5342631032587,22.4968816238411,4
S,0.4,GR,14,12.5342626677165,22.2223230783381,4
S,0.4,IT,0,13.1841023772446,36.9140671313412,7
S,0.4,IT,1,13.1264515610104,36.8998762647683,7
S,0.4,IT,2,13.0765657758706,36.8836747387926,7
S,0.4,IT,3,13.0476169540219,36.8690326287384,7
S,0.4,IT,4,13.0365981539514,36.8540470114002,7
S,0.4,IT,5,13.0303398185759,36.8135279391973,7
S,0.4,IT,6,13.0263781630894,36.7579862582576,7
S,0.4,IT,7,13.0246696140843,36.6963277708285,7
S,0.4,IT,8,13.0303750643354,36.6299325830447,7
S,0.4,IT,9,13.0363755570389,36.5576686428778,7
S,0.4,IT,10,13.0426117861795,36.4797525220438,7
S,0.4,IT,11,13.0490257262021,36.3964155936345,7
S,0.4,IT,12,13.0555615717144,36.3079023718267,7
S,0.4,IT,13,13.0621665128622,36.2144687657886,7
S,0.4,IT,14,13.0687913398724,36.1163802659926,7
S,0.4,NL,0,16.558854386287,22.2619093509442,5
S,0.4,NL,1,16.529694321607,22.2583151663611,5
S,0.4,NL,2,16.5079685586498,22.2567061885665,5
S,0.4,NL,3,16.498308476321,22.2555992261199,5
S,0.4,NL,4,16.4932878082028,22.2550019862612,5
S,0.4,NL,5,16.4909356130713,22.2547276279039,5
S,0.4,NL,6,16.4886164405886,22.2544574146707,5
S,0.4,NL,7,16.4865383894072,22.2542130065907,5
S,0.4,NL,8,16.4864506863201,22.2542021128029,5
S,0.4,NL,9,16.4863580017677,22.254190600779,5
S,0.4,NL,10,16.4862614733478,22.2541786118985,5
S,0.4,NL,11,16.4861621987343,22.2541662825602,5
S,0.4,NL,12,16.486061214507,22.2541539986915,5
S,0.4,NL,13,16.4859594802276,22.2541422991714,5
S,0.4,NL,14,16.4858578677096,22.2541306059669,5
S,0.4,Other euro area,0,18.4208814724788,47.1300980959479,16
S,0.4,Other euro area,1,18.4096137629095,47.1158824751004,16
S,0.4,Other euro area,2,18.4061172405063,47.0914615697543,16
S,0.4,Other euro area,3,18.4038822707351,47.0615663753536,16
S,0.4,Other euro area,4,18.4028771710704,47.0264616213203,16
S,0.4,Other euro area,5,18.4023793192582,46.9864616049566,16
S,0.4,Other euro area,6,18.402177761466,46.9419560953842,16
S,0.4,Other euro area,7,18.4020295841538,46.8934082974129,16
S,0.4,Other euro area,8,18.9406464328306,47.7407690916484,15
S,0.4,Other euro area,9,18.9406406861589,47.7394207197636,15
S,0.4,Other euro area,10,18.9406347008703,47.7379526089483,15
S,0.4,Other euro area,11,18.9406285450046,47.736365526115,15
S,0.4,Other euro area,12,18.9406222828359,47.734660302942,15
S,0.4,Other euro area,13,18.9406159738889,47.7328378351293,15
S,0.4,Other euro area,14,18.9406096722778,47.7308990816498,15
S,0.5,AT,0,14.0812968677208,25.1932735911667,6
S,0.5,AT,1,14.0768666884524,25.1680436987644,6
S,0.5,AT,2,14.0750850676799,25.1098882201485,6
S,0.5,AT,3,14.0742644738183,25.0383589917909,6
S,0.5,AT,4,14.0739265291479,24.9542664182961,6
S,0.5,AT,5,14.0735907573163,24.8585372454702,6
S,0.5,AT,6,14.073244776255,24.7522215743116,6
S,0.5,AT,7,14.0729398138867,24.6364541124779,6
S,0.5,AT,8,14.0728594671594,24.5124274849451,6
S,0.5,AT,9,14.0728582839705,24.381310786864,6
S,0.5,AT,10,14.0728520381326,24.2442606779324,6
S,0.5,AT,11,14.0728474925054,24.1023995051893,6
S,0.5,AT,12,14.0728423852759,23.9605485280066,6
S,0.5,AT,13,14.741964137706,27.5065919133661,5
S,0.5,AT,14,14.7419579772041,27.4026338219578,5
S,0.5,BE,0,17.4652641654121,21.6639563376372,4
S,0.5,BE,1,17.4572913674511,21.6622484173013,4
S,0.5,BE,2,17.4530328907834,21.6614236190109,4
S,0.5,BE,3,17.4503807754752,21.6609074998852,4
S,0.5,BE,4,17.4490607873952,21.6606385158195,4
S,0.5,BE,5,17.4477110994011,21.6603634611503,4
S,0.5,BE,6,17.4463927420098,21.6600959045501,4
S,0.5,BE,7,17.4459694597008,21.6600121074272,4
S,0.5,BE,8,17.4458182483892,21.6599825149832,4
S,0.5,BE,9,17.4457769681319,21.6599746549041,4
S,0.5,BE,10,17.4457325480355,21.6599662262374,4
S,0.5,BE,11,17.4456880568838,21.6599577749622,4
S,0.5,BE,12,17.4456431062904,21.6599492401902,4
S,0.5,BE,13,17.4455981166721,21.6599407023456,4
S,0.5,BE,14,17.4455925274338,21.6599396677637,4
S,0.5,DE,0,15.4860807631537,19.6908433647738,14
S,0.5,DE,1,15.4666252683036,19.6908701076506,14
S,0.5,DE,2,15.4533058678898,19.6893225566283,14
S,0.5,DE,3,15.4442621841171,19.678663023332,14
S,0.5,DE,4,15.4408254009987,19.6664074782059,14
S,0.5,DE,5,15.4381347657215,19.6502669582788,14
S,0.5,DE,6,15.4357452811631,19.6321158548722,14
S,0.5,DE,7,15.4348535605581,19.6124446589565,14
S,0.5,DE,8,15.4344329792964,19.5913008189259,14
S,0.5,DE,9,15.4344679145707,19.5686745458308,14
S,0.5,DE,10,15.4343074317264,19.544788914217,14
S,0.5,DE,11,15.4342116327665,19.5197880158496,14
S,0.5,DE,12,15.4341129267183,19.4938420292434,14
S,0.5,DE,13,15.4340126451455,19.4671197715215,14
S,0.5,DE,14,15.7033370555234,19.7367055470346,13
S,0.5,ES,0,11.2713219660768,29.4999059821258,6
S,0.5,ES,1,11.2488124449141,29.4132588363714,6
S,0.5,ES,2,11.2373494710029,29.2892467145394,6
S,0.5,ES,3,11.2437867362604,29.1391643183957,6
S,0.5,ES,4,11.2606090567057,28.964217446951,6
S,0.5,ES,5,11.2797642694103,28.7639749239459,6
S,0.5,ES,6,11.2780438364099,28.5241845193999,6
S,0.5,ES,7,11.2775675333325,28.2611391734755,6
S,0.5,ES,8,11.2773811770736,27.9772391086205,6
S,0.5,ES,9,11.2773090784144,27.6750080398276,6
S,0.5,ES,10,11.2772314940144,27.3570272539325,6
S,0.5,ES,11,11.3908869890005,25.1416195910562,5
S,0.5,ES,12,11.390794823539,24.87934587259,5
S,0.5,ES,13,11.3907027470571,24.6111589565785,5
S,0.5,ES,14,11.5294990893023,26.5658307757618,4
S,0.5,FR,0,12.706875850259,19.9095218714631,5
S,0.5,FR,1,12.4556102211299,19.9301416366805,5
S,0.5,FR,2,12.3354645698504,19.8669025237868,5
S,0.5,FR,3,12.2512727018914,19.724826774866,5
S,0.5,FR,4,12.2084649611028,19.5577375912705,5
S,0.5,FR,5,12.1745708515128,19.3680415525167,5
S,0.5,FR,6,12.1457991088222,19.1598679027334,5
S,0.5,FR,7,12.1360818671344,18.9398218881935,5
S,0.5,FR,8,12.1328293884421,18.7132952608789,5
S,0.5,FR,9,12.1318590489807,18.4888144943008,5
S,0.5,FR,10,12.1308001927857,18.2789612566488,5
S,0.5,FR,11,12.1297504006708,18.0888440211551,5
S,0.5,FR,12,12.1286937770914,17.9163604408145,5
S,0.5,FR,13,12.5349690177013,18.5692866131051,4
S,0.5,GR,0,12.2447446221364,25.3718655379171,4
S,0.5,GR,1,12.2434598046568,25.2572349396743,4
S,0.5,GR,2,12.2419653732439,25.1056355541798,4
S,0.5,GR,3,12.2408506051748,24.9184702457683,4
S,0.5,GR,4,12.2408021743115,24.6977091045491,4
S,0.5,GR,5,12.2407974486578,24.4455032931972,4
S,0.5,GR,6,12.2407924738937,24.1642589108668,4
S,0.5,GR,7,12.2407894668254,23.8565697080341,4
S,0.5,GR,8,12.2407880916696,23.546097040274,4
S,0.5,GR,9,12.2407874384398,23.2342590571622,4
S,0.5,GR,10,12.2407867290241,22.9210554690898,4
S,0.5,GR,11,12.2407860214648,22.6065528132491,4
S,0.5,GR,12,12.2407853070534,22.2908751437774,4
S,0.5,GR,13,12.2407845939089,21.9741947731412,4
S,0.5,GR,14,12.2407845022587,21.6567233642892,4
S,0.5,IT,0,12.5743536704121,36.8306339119749,7
S,0.5,IT,1,12.5076578832027,36.8057928183937,7
S,0.5,IT,2,12.4581407523952,36.7751505017731,7
S,0.5,IT,3,12.4401156688926,36.7306077889223,7
S,0.5,IT,4,12.4379720851948,36.6467498337581,7
S,0.5,IT,5,12.4420475707747,36.5503428691567,7
S,0.5,IT,6,12.4484963870733,36.4414755527852,7
S,0.5,IT,7,12.4567251043576,36.3154386290511,7
S,0.5,IT,8,12.465006189511,36.1751244076063,7
S,0.5,IT,9,12.4743522579466,36.0234803709842,7
S,0.5,IT,10,12.4839988226275,35.8611825809289,7
S,0.5,IT,11,12.4938814245177,35.6890186792864,7
S,0.5,IT,12,12.5039041080321,35.5077987117542,7
S,0.5,IT,13,12.5043640130201,35.3119440452931,7
S,0.5,IT,14,12.5043115938541,35.1078227880935,7
S,0.5,NL,0,16.3362958603425,22.2449967074691,5
S,0.5,NL,1,16.2963813250486,22.2409018935874,5
S,0.5,NL,2,16.2788514302992,22.2392051606526,5
S,0.5,NL,3,16.2694130055742,22.2381195876744,5
S,0.5,NL,4,16.2655468045901,22.2376893441378,5
S,0.5,NL,5,16.2618719914394,22.2372856667749,5
S,0.5,NL,6,16.2583359211854,22.2368898226031,5
S,0.5,NL,7,16.257191856698,22.2367684315715,5
S,0.5,NL,8,16.2567677102376,22.2367215932473,5
S,0.5,NL,9,16.2566249751494,22.2367048661999,5
S,0.5,NL,10,16.256471814436,22.2366870503226,5
S,0.5,NL,11,16.2563184096819,22.2366691447193,5
S,0.5,NL,12,16.2561636055743,22.2366510741295,5
S,0.5,NL,13,16.2560089500409,22.2366330087978,5
S,0.5,NL,14,16.2559902320988,22.236630925084,5
S,0.5,Other euro area,0,17.9590007687187,47.0531779840479,16
S,0.5,Other euro area,1,17.94697680367,47.0308385296407,16
S,0.5,Other euro area,2,17.9432163879769,47.0010512061641,16
S,0.5,Other euro area,3,17.9409948862465,46.9646281245047,16
S,0.5,Other euro area,4,17.9400169247128,46.9219320126633,16
S,0.5,Other euro area,5,17.9395326949938,46.8733642307652,16
S,0.5,Other euro area,6,17.9392598398305,46.8194856255929,16
S,0.5,Other euro area,7,17.9391678132496,46.7609328137829,16
S,0.5,Other euro area,8,18.4705099722806,47.6407631821372,15
S,0.5,Other euro area,9,18.470501100272,47.6352531323535,15
S,0.5,Other euro area,10,18.4704884626187,47.6292905329694,15
S,0.5,Other euro area,11,18.4704768687752,47.6228884385639,15
S,0.5,Other euro area,12,18.4704648376906,47.6160606312264,15
S,0.5,Other euro area,13,18.4704524505297,47.6088218752549,15
S,0.5,Other euro area,14,18.0495151103329,44.5875796932645,17
S,0.6,AT,0,13.818378503074,25.1641028602285,6
S,0.6,AT,1,13.8136962623207,25.1277891118153,6
S,0.6,AT,2,13.8115790875458,25.0610283873069,6
S,0.6,AT,3,13.8106821767243,24.9790092005795,6
S,0.6,AT,4,13.8101113402539,24.8827114072215,6
S,0.6,AT,5,13.810019814154,24.7733253378323,6
S,0.6,AT,6,13.8099535991712,24.6520778173527,6
S,0.6,AT,7,13.8098869332549,24.5203265802269,6
S,0.6,AT,8,13.8098138150611,24.3794844991714,6
S,0.6,AT,9,13.8097377827917,24.230977679732,6
S,0.6,AT,10,13.8097361952008,24.0762205263942,6
S,0.6,AT,11,13.8097357971427,23.9190476122486,6
S,0.6,AT,12,14.4506512738679,27.4015301486892,5
S,0.6,AT,13,14.4505547083254,27.2822439564673,5
S,0.6,AT,14,14.4504618981429,27.1595277210683,5
S,0.6,BE,0,17.219470835164,21.6481661253847,4
S,0.6,BE,1,17.2105574992345,21.6462732750052,4
S,0.6,BE,2,17.2057360905656,21.6453476344915,4
S,0.6,BE,3,17.2030663902346,21.6448217890255,4
S,0.6,BE,4,17.2013377330327,21.6444721894172,4
S,0.6,BE,5,17.2001782599993,21.6442363003627,4
S,0.6,BE,6,17.1999238839341,21.6441858220119,4
S,0.6,BE,7,17.1998477207599,21.6441717460523,4
S,0.6,BE,8,17.1997662034563,21.6441566961802,4
S,0.6,BE,9,17.1996814446311,21.6441410554909,4
S,0.6,BE,10,17.1996248243448,21.6441303144123,4
S,0.6,BE,11,17.199610735292,21.6441276426198,4
S,0.6,BE,12,17.1995853386973,21.6441226011222,4
S,0.6,BE,13,17.1995606111829,21.6441176537496,4
S,0.6,BE,14,17.1995362838996,21.6441127678859,4
S,0.6,DE,0,15.0767777668019,19.6701154889877,14
S,0.6,DE,1,15.0564855710891,19.6708624185312,14
S,0.6,DE,2,15.0413783849528,19.6639741982896,14
S,0.6,DE,3,15.032767585081,19.6478480920295,14
S,0.6,DE,4,15.0290693627418,19.6292500442319,14
S,0.6,DE,5,15.0274089876187,19.6083434648728,14
S,0.6,DE,6,15.0270956036781,19.5852909204399,14
S,0.6,DE,7,15.0271494800978,19.5601071369778,14
S,0.6,DE,8,15.0273311026024,19.5328171116605,14
S,0.6,DE,9,15.0261214236809,19.4989645785752,14
S,0.6,DE,10,15.0260321594523,19.4633515047247,14
S,0.6,DE,11,15.0260104043196,19.4262494225453,14
S,0.6,DE,12,15.286573098018,19.6835323249089,13
S,0.6,DE,13,15.2862925671881,19.6586726329248,13
S,0.6,DE,14,15.2860927256757,19.6334915424681,13
S,0.6,ES,0,10.9616410132614,29.4506025180409,6
S,0.6,ES,1,10.9328800916426,29.3447637155755,6
S,0.6,ES,2,10.9222461285105,29.1968691291038,6
S,0.6,ES,3,10.932861914069,29.0193151867488,6
S,0.6,ES,4,10.9541028938821,28.812517916209,6
S,0.6,ES,5,10.9572381148579,28.5599379893906,6
S,0.6,ES,6,10.9568735865832,28.2750766004396,6
S,0.6,ES,7,10.9567419428979,27.9640108284116,6
S,0.6,ES,8,10.9566012805935,27.6299590462423,6
S,0.6,ES,9,10.9564554346711,27.2762760556808,6
S,0.6,ES,10,11.0619976830268,24.9897751251887,5
S,0.6,ES,11,11.061969517397,24.6925758643689,5
S,0.6,ES,12,11.0614914608651,24.3898612735234,5
S,0.6,ES,13,11.2007416899893,26.2613102986961,4
S,0.6,ES,14,11.3387933236926,25.9784797578137,3
S,0.6,FR,0,12.3267768376444,19.8823611972977,5
S,0.6,FR,1,12.0185757947896,19.9067149084114,5
S,0.6,FR,2,11.8849585343841,19.793197570283,5
S,0.6,FR,3,11.7974088573707,19.626895329252,5
S,0.6,FR,4,11.750121588797,19.4313477253936,5
S,0.6,FR,5,11.727035240751,19.2130274430908,5
S,0.6,FR,6,11.7218836574613,18.9792733169013,5
S,0.6,FR,7,11.719869862703,18.7375536922884,5
S,0.6,FR,8,11.7177209729018,18.4988244107657,5
S,0.6,FR,9,11.7155064997714,18.2800215164575,5
S,0.6,FR,10,11.7141945891168,18.0820874416447,5
S,0.6,FR,11,11.7138812343095,17.9027868047561,5
S,0.6,FR,12,12.1030185482196,18.5488243670035,4
S,0.6,GR,0,11.9512810116064,25.3195191767611,4
S,0.6,GR,1,11.9497892530333,25.1850701965737,4
S,0.6,GR,2,11.9479914014467,25.0074015189441,4
S,0.6,GR,3,11.9473432095577,24.7884369254115,4
S,0.6,GR,4,11.9473362733451,24.5305917110619,4
S,0.6,GR,5,11.9473326181795,24.2365932441942,4
S,0.6,GR,6,11.9473309692003,23.9094870423296,4
S,0.6,GR,7,11.9473296660317,23.5692749195127,4
S,0.6,GR,8,11.9473282671302,23.2254880812283,4
S,0.6,GR,9,11.9473268109376,22.8783439695371,4
S,0.6,GR,10,11.9473259141446,22.528147950069,4
S,0.6,GR,11,11.9473256953398,22.1752781130516,4
S,0.6,GR,12,11.9473254311158,21.8201700554376,4
S,0.6,GR,13,11.9473251669166,21.4633022149986,4
S,0.6,GR,14,11.9473249027419,21.1051817368769,4
S,0.6,IT,0,11.9619807382509,36.7428060912243,7
S,0.6,IT,1,11.8930753150831,36.6992070230711,7
S,0.6,IT,2,11.859143730633,36.64088102603,7
S,0.6,IT,3,11.8491796576096,36.519466390457,7
S,0.6,IT,4,11.8429616999128,36.3611794215555,7
S,0.6,IT,5,11.8449950579835,36.1796775794648,7
S,0.6,IT,6,11.8538341075353,35.9766712214043,7
S,0.6,IT,7,11.8644937573029,35.7530098881964,7
S,0.6,IT,8,11.8757658570113,35.5101220065388,7
S,0.6,IT,9,11.887549591495,35.2496837807558,7
S,0.6,IT,10,11.8901804192047,34.9664609123845,7
S,0.6,IT,11,11.8900408384324,34.6672765451472,7
S,0.6,IT,12,11.8886528381089,34.3558538226958,7
S,0.6,IT,13,11.9261734310799,34.555381100493,6
S,0.6,IT,14,11.9255975832721,34.2642186407176,6
S,0.6,NL,0,16.113927588973,22.2281036643202,5
S,0.6,NL,1,16.0708874259438,22.223635319884,5
S,0.6,NL,2,16.0527352359202,22.2217526214788,5
S,0.6,NL,3,16.0435261853528,22.2207364650618,5
S,0.6,NL,4,16.0388082538153,22.2202282125008,5
S,0.6,NL,5,16.0356970961404,22.2198707786834,5
S,0.6,NL,6,16.0349714625174,22.2197879065082,5
S,0.6,NL,7,16.0347129198851,22.2197595750323,5
S,0.6,NL,8,16.0344366175881,22.2197293469059,5
S,0.6,NL,9,16.0341497655884,22.2196979614918,5
S,0.6,NL,10,16.0339547469887,22.2196751159754,5
S,0.6,NL,11,16.0339065279227,22.2196694292445,5
S,0.6,NL,12,16.0337841701486,22.2196625876502,5
S,0.6,NL,13,16.0336796614594,22.2196557617843,5
S,0.6,NL,14,16.0335848635401,22.2196489513203,5
S,0.6,Other euro area,0,17.4967136878944,46.9726198999999,16
S,0.6,Other euro area,1,17.4842039834684,46.9454072525938,16
S,0.6,Other euro area,2,17.480156011549,46.9100063221156,16
S,0.6,Other euro area,3,17.4780314247392,46.8667877556465,16
S,0.6,Other euro area,4,17.4770962650381,46.8162114799086,16
S,0.6,Other euro area,5,17.4768402851371,46.7588626520368,16
S,0.6,Other euro area,6,17.4767608446854,46.6954847188517,16
S,0.6,Other euro area,7,18.0008671070914,47.5493176686282,15
S,0.6,Other euro area,8,18.000804129239,47.5404819058766,15
S,0.6,Other euro area,9,18.0007380724639,47.5308894851189,15
S,0.6,Other euro area,10,18.0007258038329,47.520579659113,15
S,0.6,Other euro area,11,18.0007227650639,47.5095916733651,15
S,0.6,Other euro area,12,18.0003755497128,47.4979639013668,15
S,0.6,Other euro area,13,17.5817642396831,44.4786482201802,17
S,0.6,Other euro area,14,17.5816396233318,44.4669974071047,17
S,0.7,AT,0,13.5551587209516,25.1348195313265,6
S,0.7,AT,1,13.5506380120273,25.0867769033757,6
S,0.7,AT,2,13.5484405279599,25.0109701988564,6
S,0.7,AT,3,13.5479491623038,24.9180182101435,6
S,0.7,AT,4,13.5480426957971,24.8090738127777,6
S,0.7,AT,5,13.5482098160237,24.6854568978754,6
S,0.7,AT,6,13.5484521253654,24.5486903395185,6
S,0.7,AT,7,13.5488181462874,24.4004042673044,6
S,0.7,AT,8,13.549231207454,24.2422753316263,6
S,0.7,AT,9,13.5496899751593,24.0759876497186,6
S,0.7,AT,10,13.5501551544954,23.9034526629627,6
S,0.7,AT,11,13.5501110950873,23.7278701712939,6
S,0.7,AT,12,14.1637149252107,27.1797573096528,5
S,0.7,AT,13,14.1637068358803,27.0364582485378,5
S,0.7,AT,14,14.1636988367396,26.8897686036855,5
S,0.7,BE,0,16.9736742516023,21.6323755841492,4
S,0.7,BE,1,16.9637834666545,21.6302922734416,4
S,0.7,BE,2,16.9585862296241,21.6293027482203,4
S,0.7,BE,3,16.9562366345709,21.6288356317814,4
S,0.7,BE,4,16.9549098175474,21.6285694573252,4
S,0.7,BE,5,16.9539913195067,21.6283876870304,4
S,0.7,BE,6,16.9538181845032,21.6283579794611,4
S,0.7,BE,7,16.9536785774959,21.6283341714703,4
S,0.7,BE,8,16.9535394534971,21.6283105200175,4
S,0.7,BE,9,16.9534338362123,21.628293202427,4
S,0.7,BE,10,16.9533681219342,21.6282833621927,4
S,0.7,BE,11,16.9533089472978,21.6282745670488,4
S,0.7,BE,12,16.953299095005,21.6282729453213,4
S,0.7,BE,13,16.9532649100211,21.6282650605402,4
S,0.7,BE,14,16.9532320336892,21.6282575224058,4
S,0.7,DE,0,14.6672605288189,19.6497166126401,14
S,0.7,DE,1,14.6460130573959,19.650888596528,14
S,0.7,DE,2,14.6295945985915,19.6354846006278,14
S,0.7,DE,3,14.6240859096956,19.6160427692791,14
S,0.7,DE,4,14.6226176413453,19.5937335534963,14
S,0.7,DE,5,14.6226620192971,19.5681045472765,14
S,0.7,DE,6,14.6219988563021,19.5326338566891,14
S,0.7,DE,7,14.6228492165705,19.4939385000262,14
S,0.7,DE,8,14.6236744626839,19.452393184199,14
S,0.7,DE,9,14.6244832991992,19.4084151996321,14
S,0.7,DE,10,14.6252519183261,19.3624249342451,14
S,0.7,DE,11,14.878609129256,19.6142177789425,13
S,0.7,DE,12,14.878562120531,19.5790423002458,13
S,0.7,DE,13,15.216409404366,19.8754602354702,12
S,0.7,DE,14,15.2163574560004,19.8511194198473,12
S,0.7,ES,0,10.6513661457563,29.4008256553409,6
S,0.7,ES,1,10.6153827389485,29.2736337450553,6
S,0.7,ES,2,10.6080376900098,29.1023551490225,6
S,0.7,ES,3,10.6247757103895,28.8969305713419,6
S,0.7,ES,4,10.6398148363695,28.6483446396134,6
S,0.7,ES,5,10.6385397534611,28.3509248616701,6
S,0.7,ES,6,10.6382641819775,28.0208543102127,6
S,0.7,ES,7,10.6380480902253,27.6620784982568,6
S,0.7,ES,8,10.6378327650023,27.2787873503696,6
S,0.7,ES,9,10.637674738179,26.8831248701504,6
S,0.7,ES,10,10.7355624760005,24.5936014271271,5
S,0.7,ES,11,10.7354664105354,24.2611668679447,5
S,0.7,ES,12,10.8778123007791,26.065487257674,4
S,0.7,ES,13,11.0037822271183,25.6862567338112,3
S,0.7,FR,0,11.9444151916858,19.8554975513379,5
S,0.7,FR,1,11.5760613617934,19.8653409787768,5
S,0.7,FR,2,11.428076876301,19.714857170928,5
S,0.7,FR,3,11.3545305342638,19.5235941983491,5
S,0.7,FR,4,11.3193318838086,19.3020143064276,5
S,0.7,FR,5,11.3018168531574,19.0577305266478,5
S,0.7,FR,6,11.2981605774009,18.8019479280359,5
S,0.7,FR,7,11.2956553352358,18.5471116319203,5
S,0.7,FR,8,11.2931528277803,18.3150080445778,5
S,0.7,FR,9,11.2913964965547,18.1053984362733,5
S,0.7,FR,10,11.2904904248647,17.9158554102236,5
S,0.7,FR,11,11.2896687291412,17.7441660594522,5
S,0.7,GR,0,11.6578150484238,25.2666223194035,4
S,0.7,GR,1,11.6561076820976,25.1115606964222,4
S,0.7,GR,2,11.6540031789042,24.9068375715934,4
S,0.7,GR,3,11.6538635965637,24.6549910116434,4
S,0.7,GR,4,11.6538587782738,24.3589564383855,4
S,0.7,GR,5,11.6538544887721,24.0221492711396,4
S,0.7,GR,6,11.6538517880409,23.6562376218949,4
S,0.7,GR,7,11.653849762826,23.2842772456956,4
S,0.7,GR,8,11.6538477364412,22.906731893399,4
S,0.7,GR,9,11.6538462321519,22.5241839342032,4
S,0.7,GR,10,11.6538453419179,22.1373109959511,4
S,0.7,GR,11,11.6538445357114,21.7468621044607,4
S,0.7,GR,12,11.6538444035416,21.3536345468284,4
S,0.7,GR,13,11.6537232145786,20.9613953495222,4
S,0.7,GR,14,11.653602082782,20.5766715261295,4
S,0.7,IT,0,11.3409019233599,36.6518669391654,7
S,0.7,IT,1,11.2735172708073,36.5883596436466,7
S,0.7,IT,2,11.2408143109672,36.461654466614,7
S,0.7,IT,3,11.2278401365292,36.2655579600818,7
S,0.7,IT,4,11.2271638598354,36.0346684010791,7
S,0.7,IT,5,11.2331692294339,35.7710472062687,7
S,0.7,IT,6,11.2446566240606,35.4775226229216,7
S,0.7,IT,7,11.2569939197705,35.1564751232544,7
S,0.7,IT,8,11.2633573046269,34.8065909621551,7
S,0.7,IT,9,11.2627147039506,34.4300536748645,7
S,0.7,IT,10,11.2624477485283,34.037223556623,7
S,0.7,IT,11,11.2760797287309,34.151702620273,6
S,0.7,IT,12,11.2760337375882,33.8026340469354,6
S,0.7,IT,13,11.2758924137058,33.4583892375405,6
S,0.7,IT,14,11.4273869053974,35.6079825980944,5
S,0.7,NL,0,15.8915542424335,22.2112168193816,5
S,0.7,NL,1,15.8452392744919,22.2063710563634,5
S,0.7,NL,2,15.8270671502364,22.2044139312145,5
S,0.7,NL,3,15.8193506680442,22.2036020850857,5
S,0.7,NL,4,15.8156472634241,22.2032141023984,5
S,0.7,NL,5,15.8130995817378,22.2029494367573,5
S,0.7,NL,6,15.8125133449025,22.2029153416089,5
S,0.7,NL,7,15.8120362662263,22.202894477862,5
S,0.7,NL,8,15.8115624713199,22.2022680417287,5
S,0.7,NL,9,15.8112055568438,22.2022675889815,5
S,0.7,NL,10,15.810986953834,22.2022863872267,5
S,0.7,NL,11,15.8107914548825,22.2023107551267,5
S,0.7,NL,12,15.8107563766498,22.2017905445284,5
S,0.7,NL,13,15.8106940030905,22.2018346836305,5
S,0.7,NL,14,15.8106343736391,22.2018823183009,5
S,0.7,Other euro area,0,17.0343757146861,46.8913536938961,16
S,0.7,Other euro area,1,17.0213989279301,46.8596125559414,16
S,0.7,Other euro area,2,17.0170907572498,46.8183478339502,16
S,0.7,Other euro area,3,17.0152103307666,46.7680711782707,16
S,0.7,Other euro area,4,17.0142845037622,46.7093619124689,16
S,0.7,Other euro area,5,17.0139753588916,46.6429921701126,16
S,0.7,Other euro area,6,17.0137829239827,46.5699120631094,16
S,0.7,Other euro area,7,17.5305578651207,47.4524715205798,15
S,0.7,Other euro area,8,17.5304232634536,47.4398900697509,15
S,0.7,Other euro area,9,17.530300284142,47.426318379025,15
S,0.7,Other euro area,10,17.5301931232114,47.4118313138798,15
S,0.7,Other euro area,11,17.5300974118425,47.3965064506016,15
S,0.7,Other euro area,12,17.1140927458029,44.3789318345243,17
S,0.7,Other euro area,13,17.1140514685979,44.3635799170778,17
S,0.7,Other euro area,14,16.4768695655383,42.8344249109007,19
S,0.8,AT,0,13.2917454361112,25.1056887275119,6
S,0.8,AT,1,13.2878150655176,25.0460885818829,6
S,0.8,AT,2,13.2866818079057,24.9615431872577,6
S,0.8,AT,3,13.2875162488414,24.8579789521323,6
S,0.8,AT,4,13.2874064504755,24.7268230600268,6
S,0.8,AT,5,13.2873340279029,24.5772627391568,6
S,0.8,AT,6,13.2873291566024,24.4118252457627,6
S,0.8,AT,7,13.2873281970781,24.2324876510028,6
S,0.8,AT,8,13.2873275183283,24.0412846052567,6
S,0.8,AT,9,13.2873274390599,23.8402465688466,6
S,0.8,AT,10,13.2873110502363,23.6352031383996,6
S,0.8,AT,11,13.8728568751799,26.9884360135614,5
S,0.8,AT,12,13.8728479633747,26.8105013237215,5
S,0.8,AT,13,13.872840896026,26.6274363051659,5
S,0.8,AT,14,13.8728347782773,26.440320714853,5
S,0.8,BE,0,16.7278864885592,21.6165861583153,4
S,0.8,BE,1,16.7170043203245,21.6143159683547,4
S,0.8,BE,2,16.7113249733415,21.613237232656,4
S,0.8,BE,3,16.7096151787038,21.6129003656094,4
S,0.8,BE,4,16.7080022354454,21.6125843914105,4
S,0.8,BE,5,16.7075268360845,21.6124963836076,4
S,0.8,BE,6,16.7074342832112,21.6124796281641,4
S,0.8,BE,7,16.7073637508702,21.6124666026012,4
S,0.8,BE,8,16.7073344264898,21.6124613591477,4
S,0.8,BE,9,16.7073341546177,21.6124613550743,4
S,0.8,BE,10,16.7072644254051,21.6124462419051,4
S,0.8,BE,11,16.7071960313744,21.6124313537486,4
S,0.8,BE,12,16.7071285050656,21.6124166194161,4
S,0.8,BE,13,16.7070615675682,21.6124019944974,4
S,0.8,BE,14,16.706995047117,21.6123874504765,4
S,0.8,DE,0,14.2591157188878,19.6289576093981,14
S,0.8,DE,1,14.2354593182527,19.6261019583451,14
S,0.8,DE,2,14.2201529031369,19.6060967631479,14
S,0.8,DE,3,14.2185254675875,19.5829594715334,14
S,0.8,DE,4,14.2182049413023,19.5519656287174,14
S,0.8,DE,5,14.2167522143499,19.5029384914774,14
S,0.8,DE,6,14.2168357781332,19.447486889587,14
S,0.8,DE,7,14.2170223434918,19.3871442145687,14
S,0.8,DE,8,14.2170293248205,19.3210123111402,14
S,0.8,DE,9,14.2170274468175,19.250869959011,14
S,0.8,DE,10,14.4623560692069,19.4753333693796,13
S,0.8,DE,11,14.4621632964572,19.4174407132383,13
S,0.8,DE,12,14.7931911961103,19.6770121868427,12
S,0.8,DE,13,14.7931288733972,19.6263321449187,12
S,0.8,DE,14,14.7930789808637,19.5743453257811,12
S,0.8,ES,0,10.3405339316249,29.3505728424852,6
S,0.8,ES,1,10.2979882509664,29.2015308227808,6
S,0.8,ES,2,10.2938481739984,29.006052166999,6
S,0.8,ES,3,10.3163872137937,28.7718345062909,6
S,0.8,ES,4,10.3187738057944,28.4757466340588,6
S,0.8,ES,5,10.3180858216941,28.1355639644916,6
S,0.8,ES,6,10.3179314315441,27.7596404350963,6
S,0.8,ES,7,10.3178096967025,27.3530218594489,6
S,0.8,ES,8,10.3177602922817,26.9297984878741,6
S,0.8,ES,9,10.4078747836237,24.5677294239051,5
S,0.8,ES,10,10.4075140427445,24.2070851190769,5
S,0.8,ES,11,10.5518025793168,25.9631860541364,4
S,0.8,ES,12,10.5516850604807,25.582599039523,4
S,0.8,FR,0,11.5603097506001,19.8286281639182,5
S,0.8,FR,1,11.1405278903757,19.8148939363837,5
S,0.8,FR,2,10.9798142627963,19.636975958067,5
S,0.8,FR,3,10.9270226103737,19.4214768244372,5
S,0.8,FR,4,10.8882162749068,19.1735459430463,5
S,0.8,FR,5,10.8800281271369,18.9058584210507,5
S,0.8,FR,6,10.8781733957775,18.6345108324957,5
S,0.8,FR,7,10.8766384368692,18.3852028864094,5
S,0.8,FR,8,10.8760272194452,18.1604896908583,5
S,0.8,FR,9,10.8760250600571,17.957704520996,5
S,0.8,FR,10,10.8680176021259,17.7743046557329,5
S,0.8,FR,11,12.1280495934145,20.1504911858647,3
S,0.8,GR,0,11.3643482564019,25.2131548112173,4
S,0.8,GR,1,11.362425949902,25.0366591833242,4
S,0.8,GR,2,11.360332488795,24.8039177651158,4
S,0.8,GR,3,11.3603237922025,24.5180613244603,4
S,0.8,GR,4,11.360316661998,24.1827031910753,4
S,0.8,GR,5,11.3603123926328,23.8020596046617,4
S,0.8,GR,6,11.3603109762947,23.405850540751,4
S,0.8,GR,7,11.3603098646182,23.0014567036521,4
S,0.8,GR,8,11.3603094235221,22.5897631734553,4
S,0.8,GR,9,11.3603094235054,22.1717853591671,4
S,0.8,GR,10,11.360308238463,21.7486330678022,4
S,0.8,GR,11,11.3603070535261,21.3249135486044,4
S,0.8,GR,12,11.3603058686946,20.9090197440327,4
S,0.8,GR,13,11.3603046839685,20.500731208273,4
S,0.8,GR,14,11.3603034993477,20.099887537039,4
S,0.8,IT,0,10.7223332744245,36.5384319518199,7
S,0.8,IT,1,10.6504389079478,36.4239683494108,7
S,0.8,IT,2,10.6086041398145,36.1724149991218,7
S,0.8,IT,3,10.603658271539,35.862504274022,7
S,0.8,IT,4,10.6039534118395,35.4969253344594,7
S,0.8,IT,5,10.6143179108394,35.0807655765983,7
S,0.8,IT,6,10.6264576884316,34.6181194403573,7
S,0.8,IT,7,10.631097723155,34.1072369926822,7
S,0.8,IT,8,10.6308166780577,33.5625170044177,7
S,0.8,IT,9,10.6192805589946,33.3756857206299,6
S,0.8,IT,10,10.6179317220392,32.8362675589935,6
S,0.8,IT,11,10.6170713492052,32.2901222520509,6
S,0.8,IT,12,10.4754148074508,33.980470618345,5
S,0.8,IT,13,10.6081716068032,36.7164710369099,4
S,0.8,NL,0,15.6691787042281,22.1943557422967,5
S,0.8,NL,1,15.6195058055828,22.1892075321035,5
S,0.8,NL,2,15.6004330130072,22.1865815762009,5
S,0.8,NL,3,15.5950465890613,22.186107364989,5
S,0.8,NL,4,15.590493882838,22.1849959620149,5
S,0.8,NL,5,15.5890188670749,22.1849745840304,5
S,0.8,NL,6,15.5887002334009,22.1841001775395,5
S,0.8,NL,7,15.5884591144119,22.1836520278319,5
S,0.8,NL,8,15.588359230512,22.1831743418258,5
S,0.8,NL,9,15.5883583131065,22.1826618948769,5
S,0.8,NL,10,15.5881650485357,22.1820900895723,5
S,0.8,NL,11,15.5880022311466,22.1814728270514,5
S,0.8,NL,12,15.5878580404838,22.1808113084877,5
S,0.8,NL,13,15.5877257105039,22.1801051088206,5
S,0.8,NL,14,15.587601236852,22.1793539370742,5
S,0.8,Other euro area,0,16.5720231187473,46.8086404874946,16
S,0.8,Other euro area,1,16.5585011783133,46.7702118744534,16
S,0.8,Other euro area,2,16.5540393933727,46.7202312937401,16
S,0.8,Other euro area,3,16.5522703188048,46.6593888346198,16
S,0.8,Other euro area,4,16.5511350590725,46.5883718432925,16
S,0.8,Other euro area,5,16.5507881434972,46.5082440821536,16
S,0.8,Other euro area,6,17.0603972753113,47.3462005780817,15
S,0.8,Other euro area,7,17.0603762584892,47.3250597941108,15
S,0.8,Other euro area,8,17.0603636251595,47.3019643445116,15
S,0.8,Other euro area,9,17.0603624939355,47.2770359013378,15
S,0.8,Other euro area,10,17.0600412379552,47.2504009439695,15
S,0.8,Other euro area,11,17.0598669419586,47.2221969932572,15
S,0.8,Other euro area,12,16.6463628298992,44.2059069971209,17
S,0.8,Other euro area,13,16.3200689031504,43.0411636451624,18
S,0.8,Other euro area,14,15.7643218234848,43.9921066866426,20
S,0.9,AT,0,13.0277130934964,25.0766139411517,6
S,0.9,AT,1,13.0248918825079,25.0052770414009,6
S,0.9,AT,2,13.0247228289941,24.9077949103767,6
S,0.9,AT,3,13.024498816773,24.7769840888141,6
S,0.9,AT,4,13.0244013609212,24.6237041067249,6
S,0.9,AT,5,13.0244007422795,24.4499892805008,6
S,0.9,AT,6,13.0244001584287,24.258069312002,6
S,0.9,AT,7,13.0243998844955,24.0503132763175,6
S,0.9,AT,8,13.0243411494541,23.8291285977924,6
S,0.9,AT,9,13.0242862007394,23.5978899562041,6
S,0.9,AT,10,13.0242332328864,23.364043179289,6
S,0.9,AT,11,13.5816257689904,26.6544731239193,5
S,0.9,AT,12,13.5815642387434,26.4391417784439,5
S,0.9,AT,13,13.5815031735413,26.2225641890889,5
S,0.9,AT,14,13.5814424324396,26.0121210399525,5
S,0.9,BE,0,16.4821244209123,21.6007998569973,4
S,0.9,BE,1,16.4702943968441,21.5983570707115,4
S,0.9,BE,2,16.4646198311157,21.5972815519057,4
S,0.9,BE,3,16.4629155529486,21.5969502257072,4
S,0.9,BE,4,16.4614856369381,21.5966692835725,4
S,0.9,BE,5,16.4614068092628,21.5966545157751,4
S,0.9,BE,6,16.4613328071434,21.5966406572034,4
S,0.9,BE,7,16.4612975619768,21.5966340520242,4
S,0.9,BE,8,16.4610517037564,21.5965779496062,4
S,0.9,BE,9,16.4608114163014,21.5965231960904,4
S,0.9,BE,10,16.4605758918193,21.596469621469,4
S,0.9,BE,11,16.4603445250527,21.5964170893081,4
S,0.9,BE,12,16.4601168386561,21.59636548667,4
S,0.9,BE,13,16.4598924421775,21.5963147181588,4
S,0.9,BE,14,16.4596710083798,21.5962647021566,4
S,0.9,DE,0,13.8512440334874,19.6082433514055,14
S,0.9,DE,1,13.8245902447479,19.5994987030588,14
S,0.9,DE,2,13.8123906268763,19.5763309122425,14
S,0.9,DE,3,13.8110454453132,19.5406235789122,14
S,0.9,DE,4,13.8074271702625,19.4781248427753,14
S,0.9,DE,5,13.8074241966811,19.4073421668156,14
S,0.9,DE,6,13.8073600385168,19.3283085661967,14
S,0.9,DE,7,13.8073260867735,19.2425866050657,14
S,0.9,DE,8,13.8067521763043,19.1512111530655,14
S,0.9,DE,9,14.0441340109637,19.345795851903,13
S,0.9,DE,10,14.0437206497587,19.2650109341118,13
S,0.9,DE,11,14.3678253126218,19.485420855179,12
S,0.9,DE,12,14.3676005132129,19.4090662611554,12
S,0.9,DE,13,14.3673823167011,19.3310923902165,12
S,0.9,DE,14,14.3671679308996,19.2520399418198,12
S,0.9,ES,0,10.0292349049832,29.299848266721,6
S,0.9,ES,1,9.98209375392679,29.1287181525429,6
S,0.9,ES,2,9.98206270273839,28.9084945248439,6
S,0.9,ES,3,10.001744214419,28.638218578564,6
S,0.9,ES,4,9.99934278492304,28.2989432693042,6
S,0.9,ES,5,9.9992058035308,27.9154213868798,6
S,0.9,ES,6,9.99907732699979,27.4934636645827,6
S,0.9,ES,7,9.99901637999548,27.0453732255397,6
S,0.9,ES,8,10.08087372822,24.6095148512107,5
S,0.9,ES,9,10.0803916412864,24.2253160407025,5
S,0.9,ES,10,10.0799897527201,23.8507746261964,5
S,0.9,ES,11,10.2272470779112,25.5629838791652,4
S,0.9,FR,0,11.1748212523661,19.8017812299169,5
S,0.9,FR,1,10.7172372490563,19.7609132869431,5
S,0.9,FR,2,10.556318604807,19.5619705437058,5
S,0.9,FR,3,10.5070600610679,19.321753511802,5
S,0.9,FR,4,10.4733642275285,19.0480695723281,5
S,0.9,FR,5,10.4717456861991,18.764340553029,5
S,0.9,FR,6,10.4702343974835,18.4936020120684,5
S,0.9,FR,7,10.4695253386688,18.2500055032273,5
S,0.9,FR,8,10.4577746189564,18.0304455621894,5
S,0.9,FR,9,10.4492908140566,17.8323208105975,5
S,0.9,FR,10,10.8033766543774,18.4571907602857,4
S,0.9,GR,0,11.0708805418334,25.1590950325488,4
S,0.9,GR,1,11.0687408168349,24.9603141618789,4
S,0.9,GR,2,11.0668596683343,24.6985431057271,4
S,0.9,GR,3,11.0668517788346,24.3775471526878,4
S,0.9,GR,4,11.0668451537932,24.0017459515098,4
S,0.9,GR,5,11.0668438312554,23.5856267074859,4
S,0.9,GR,6,11.0668425850684,23.1582355677771,4
S,0.9,GR,7,11.0668420125019,22.7207653004017,4
S,0.9,GR,8,11.0651046309498,22.2744801076292,4
S,0.9,GR,9,11.0633789766346,21.8209015228816,4
S,0.9,GR,10,11.0616649712317,21.3725013956445,4
S,0.9,GR,11,11.0599625369283,20.9318513251508,4
S,0.9,GR,12,11.0582715964198,20.4988656734685,4
S,0.9,GR,13,11.0565920729068,20.073520225823,4
S,0.9,GR,14,11.054923890092,19.6558339204155,4
S,0.9,IT,0,10.1007989744621,36.3915716134672,7
S,0.9,IT,1,10.0192312656344,36.1426324203778,7
S,0.9,IT,2,9.97915711352427,35.7260356437562,7
S,0.9,IT,3,9.97634858006385,35.2156183087946,7
S,0.9,IT,4,9.9793062270806,34.6139615917682,7
S,0.9,IT,5,9.99103906027173,33.928399628139,7
S,0.9,IT,6,9.99644165963831,33.1596679718434,7
S,0.9,IT,7,9.99608740821524,32.3377289808031,7
S,0.9,IT,8,9.55935252412826,19.6362388161608,5
S,0.9,IT,9,9.55806231551395,19.0881464808577,5
S,0.9,IT,10,9.25893660891508,18.1034909036137,4
S,0.9,IT,11,9.25788506262316,17.6348366219537,4
S,0.9,NL,0,15.4468010170139,22.1774961622143,5
S,0.9,NL,1,15.3937218209918,22.171436312657,5
S,0.9,NL,2,15.3745905748038,22.1694505790497,5
S,0.9,NL,3,15.3695898487275,22.1679911469935,5
S,0.9,NL,4,15.365532634728,22.1670193365504,5
S,0.9,NL,5,15.3652652849769,22.1663739690385,5
S,0.9,NL,6,15.3650146073553,22.1656439999106,5
S,0.9,NL,7,15.3648954142517,22.1648435023018,5
S,0.9,NL,8,15.3645590262205,22.1639483683234,5
S,0.9,NL,9,15.36424895645,22.1629684907978,5
S,0.9,NL,10,15.3639556279796,22.1619057574362,5
S,0.9,NL,11,15.3636737290076,22.1607598110546,5
S,0.9,NL,12,15.3634001725852,22.1595309532903,5
S,0.9,NL,13,15.3631330593806,22.1582199104704,5
S,0.9,NL,14,15.3628711452262,22.1568274956357,5
S,0.9,Other euro area,0,16.1096837563851,46.7240101945844,16
S,0.9,Other euro area,1,16.0956605508684,46.6760401439421,16
S,0.9,Other euro area,2,16.0912300998157,46.6135868232748,16
S,0.9,Other euro area,3,16.0893728745495,46.537507150036,16
S,0.9,Other euro area,4,16.0883194755348,46.4487334788523,16
S,0.9,Other euro area,5,16.0883033421239,46.3512795227496,16
S,0.9,Other euro area,6,16.5907255286881,47.1958604579455,15
S,0.9,Other euro area,7,16.5907179333241,47.1570480615872,15
S,0.9,Other euro area,8,16.5901037742702,47.1146435260153,15
S,0.9,Other euro area,9,16.5896384961324,47.0688803223003,15
S,0.9,Other euro area,10,16.5892509134807,47.0199954031329,15
S,0.9,Other euro area,11,16.1781706089987,44.0015628601315,17
S,0.9,Other euro area,12,15.1308412640899,39.9846973853644,20
S,0.9,Other euro area,13,15.4411234950882,41.0131030476101,19
S,0.9,Other euro area,14,15.6763239970776,42.0851325955897,18
S,1,AT,0,12.7643093108769,25.042424923466,6
S,1,AT,1,12.7617395831818,24.9638699764639,6
S,1,AT,2,12.7611835233507,24.8429623425371,6
S,1,AT,3,12.7610281542434,24.6931150710723,6
S,1,AT,4,12.7609957504397,24.5177553303981,6
S,1,AT,5,12.7609951465207,24.319308741358,6
S,1,AT,6,12.7609946873572,24.1004463233758,6
S,1,AT,7,12.7609749296732,23.8639882393684,6
S,1,AT,8,12.7609580974102,23.6128171538842,6
S,1,AT,9,12.7609427416095,23.353999158578,6
S,1,AT,10,12.7609281375763,23.0917601618511,6
S,1,AT,11,13.2902168868767,26.3177062361223,5
S,1,AT,12,13.2902000783813,26.078779236817,5
S,1,AT,13,13.2901834100607,25.8454087243389,5
S,1,AT,14,13.2901668271389,25.617067196114,5
S,1,BE,0,16.2363615046292,21.585013504072,4
S,1,BE,1,16.2235651136389,21.5823939855354,4
S,1,BE,2,16.2184586680474,21.5814331848471,4
S,1,BE,3,16.2165701173299,21.5810642886001,4
S,1,BE,4,16.2156677267186,21.5808845256309,4
S,1,BE,5,16.2155868446851,21.5808694106395,4
S,1,BE,6,16.2155254514203,21.5808579396305,4
S,1,BE,7,16.215330034486,21.5808134922014,4
S,1,BE,8,16.2151371907134,21.5807696330824,4
S,1,BE,9,16.2149465354339,21.5807262987998,4
S,1,BE,10,16.2147578222585,21.5806834435052,4
S,1,BE,11,16.2145708781486,21.5806410312646,4
S,1,BE,12,16.2143855706155,21.580599032115,4
S,1,BE,13,16.2142017910127,21.5805574200118,4
S,1,BE,14,16.214019445898,21.5805161717288,4
S,1,DE,0,13.4430684012433,19.5877173683229,14
S,1,DE,1,13.4144284716893,19.5735251988515,14
S,1,DE,2,13.4046761829153,19.5425592105699,14
S,1,DE,3,13.3996671458048,19.475188509843,14
S,1,DE,4,13.3980493784149,19.3936789194087,14
S,1,DE,5,13.3979724237626,19.3017260518174,14
S,1,DE,6,13.397914368876,19.2006394439634,14
S,1,DE,7,13.3974911153471,19.0918396075825,14
S,1,DE,8,13.6272907120034,19.2586730411158,13
S,1,DE,9,13.6270193474161,19.1585734202238,13
S,1,DE,10,13.6267786086938,19.0567735473275,13
S,1,DE,11,13.9437829429468,19.2483308629928,12
S,1,DE,12,13.9436657455294,19.1496341857662,12
S,1,DE,13,13.9435514298174,19.0503242976445,12
S,1,DE,14,13.9434387350126,18.9511788594412,12
S,1,ES,0,9.71750516162373,29.2486411319972,6
S,1,ES,1,9.66771021210901,29.0550579763196,6
S,1,ES,2,9.67311193908299,28.8095400522695,6
S,1,ES,3,9.68533138256982,28.4979532568705,6
S,1,ES,4,9.68367174935476,28.118623675475,6
S,1,ES,5,9.68353152544951,27.6914433002515,6
S,1,ES,6,9.68342524966447,27.2247387188793,6
S,1,ES,7,9.68296722685336,26.7473806977794,6
S,1,ES,8,9.7579550427611,24.307769005062,5
S,1,ES,9,9.75759959671228,23.9176887327152,5
S,1,ES,10,9.90741935267699,25.6132097395936,4
S,1,FR,0,10.7888353886146,19.7749905167143,5
S,1,FR,1,10.3010643570893,19.7038914452885,5
S,1,FR,2,10.1551727880741,19.4850377362407,5
S,1,FR,3,10.1032858515909,19.2207753061996,5
S,1,FR,4,10.0791855471717,18.9297506597859,5
S,1,FR,5,10.0775904412725,18.6336057448674,5
S,1,FR,6,10.0763887901817,18.3675455545685,5
S,1,FR,7,10.0659034215725,18.1282187900255,5
S,1,FR,8,10.0583704747629,17.912738756046,5
S,1,FR,9,10.0524281615965,17.7184350321751,5
S,1,FR,10,11.3116342711043,20.0725493626051,3
S,1,GR,0,10.7774111998854,25.1034266786076,4
S,1,GR,1,10.7750464785229,24.8800208914273,4
S,1,GR,2,10.7733878838608,24.5862294310718,4
S,1,GR,3,10.7733788662463,24.2266548910334,4
S,1,GR,4,10.7733749034539,23.8067265129644,4
S,1,GR,5,10.7733735850836,23.3612709359942,4
S,1,GR,6,10.77337259023,22.9023225894579,4
S,1,GR,7,10.7718357811032,22.4315224924277,4
S,1,GR,8,10.7703081257962,21.9508599132367,4
S,1,GR,9,10.7687895703489,21.4779321448507,4
S,1,GR,10,10.7672800611124,21.0127040599151,4
S,1,GR,11,10.7657795447471,20.5552337581703,4
S,1,GR,12,10.7642879682208,20.1056456494739,4
S,1,GR,13,10.7628052788074,19.6641048890561,4
S,1,GR,14,10.7613314240851,19.2365866194809,4
S,1,IT,0,9.47978943728707,36.2412104775998,7
S,1,IT,1,9.39018504844672,35.8461401077389,7
S,1,IT,2,9.35630628430938,35.2589448583265,7
S,1,IT,3,9.35324548854976,34.5379672661702,7
S,1,IT,4,9.35865489252712,33.689715190069,7
S,1,IT,5,9.36732959421097,32.7235239235077,7
S,1,IT,6,9.06424069384027,22.0510787842089,6
S,1,IT,7,8.92656218854643,19.5629402960938,5
S,1,IT,8,8.60895710296808,18.5333293545193,4
S,1,IT,9,8.60736072701058,18.0153023870945,4
S,1,IT,10,8.6059406949875,17.527474505634,4
S,1,NL,0,15.2244275330643,22.1606388035298,5
S,1,NL,1,15.1680920907238,22.1539783766289,5
S,1,NL,2,15.150799088433,22.15152535746,5
S,1,NL,3,15.145270025879,22.1502892544996,5
S,1,NL,4,15.1427627271961,22.1492228751244,5
S,1,NL,5,15.1424900299805,22.148275560415,5
S,1,NL,6,15.1422833301728,22.1472078368512,5
S,1,NL,7,15.1419603394482,22.1460068286607,5
S,1,NL,8,15.1416560776044,22.1446798746489,5
S,1,NL,9,15.1413624291388,22.1432284083977,5
S,1,NL,10,15.1410752640505,22.1416546485653,5
S,1,NL,11,15.1407924504058,22.1399588092128,5
S,1,NL,12,15.140512860193,22.1381423750891,5
S,1,NL,13,15.1402358718677,22.1362069604248,5
S,1,NL,14,15.1399611212815,22.1341543127381,5
S,1,Other euro area,0,15.6476003337011,46.6391218888217,16
S,1,Other euro area,1,15.6334779171939,46.5813006273548,16
S,1,Other euro area,2,15.629691593013,46.5060297176258,16
S,1,Other euro area,3,15.6282237426272,46.4133116897589,16
S,1,Other euro area,4,15.6275109338796,46.3023023301671,16
S,1,Other euro area,5,16.1228274676358,47.0899993848208,15
S,1,Other euro area,6,16.1228149614444,47.0345531295404,15
S,1,Other euro area,7,16.1224615386231,46.9732137877742,15
S,1,Other euro area,8,16.1222501549157,46.9063521498845,15
S,1,Other euro area,9,16.1221107359907,46.8343607332056,15
S,1,Other euro area,10,16.122008170238,46.7576499018635,15
S,1,Other euro area,11,14.4271559095564,39.6082384007299,21
S,1,Other euro area,12,14.9620585788202,40.7930739898039,19
S,1,Other euro area,13,15.1895475735768,41.8412056743208,18
S,1,Other euro area,14,15.1892923377002,41.7629789909648,18
SURC,0.1,AT,0,15.1304994619795,25.3005459638764,6
SURC,0.1,AT,1,15.1301602233637,25.2693369163125,6
SURC,0.1,AT,2,15.1298147085797,25.231884649337,6
SURC,0.1,AT,3,15.129537305045,25.1851437489807,6
SURC,0.1,AT,4,15.1292669632042,25.1386983733956,6
SURC,0.1,AT,5,15.1289022260522,25.0933889200605,6
SURC,0.1,AT,6,15.1286842012154,25.0401614708522,6
SURC,0.1,AT,7,15.1285045672798,24.9937549637998,6
SURC,0.1,AT,8,15.128358488714,24.9443696233769,6
SURC,0.1,AT,9,15.1282619255194,24.8925522787817,6
SURC,0.1,AT,10,15.128180320361,24.838843574119,6
SURC,0.1,AT,11,15.128112749203,24.783781606905,6
SURC,0.1,AT,12,15.12805747675,24.7278758222503,6
SURC,0.1,AT,13,15.1280103313244,24.6715948705087,6
SURC,0.1,AT,14,15.1279688733082,24.6153608581299,6
SURC,0.1,BE,0,18.4445167556379,21.7269864462531,4
SURC,0.1,BE,1,18.4444941415465,21.7269819379143,4
SURC,0.1,BE,2,18.4444709812059,21.7269772829978,4
SURC,0.1,BE,3,18.4441155678925,21.7269060499927,4
SURC,0.1,BE,4,18.4436345440813,21.7268086591638,4
SURC,0.1,BE,5,18.4432464998956,21.7267324056886,4
SURC,0.1,BE,6,18.4429069033053,21.7266643391409,4
SURC,0.1,BE,7,18.4426355313817,21.7266102686543,4
SURC,0.1,BE,8,18.4424325899128,21.7265699541604,4
SURC,0.1,BE,9,18.4422678066511,21.7265374872079,4
SURC,0.1,BE,10,18.4421407840307,21.7265124955591,4
SURC,0.1,BE,11,18.4420402182696,21.7264925820311,4
SURC,0.1,BE,12,18.4419644015948,21.7264776234323,4
SURC,0.1,BE,13,18.4419031361591,21.7264656552575,4
SURC,0.1,BE,14,18.4418535045635,21.7264560538312,4
SURC,0.1,DE,0,17.1212156521926,19.7258866477181,14
SURC,0.1,DE,1,17.120836617919,19.7256453575297,14
SURC,0.1,DE,2,17.120452919493,19.7255352124033,14
SURC,0.1,DE,3,17.119931198259,19.7254184122712,14
SURC,0.1,DE,4,17.1189340462401,19.7252446835333,14
SURC,0.1,DE,5,17.1179967142659,19.7251094494851,14
SURC,0.1,DE,6,17.1171280521543,19.7251122455394,14
SURC,0.1,DE,7,17.116479364761,19.7252652273457,14
SURC,0.1,DE,8,17.1163168203855,19.7255706833491,14
SURC,0.1,DE,9,17.1163445131972,19.7258264888252,14
SURC,0.1,DE,10,17.1165382252691,19.7259412196302,14
SURC,0.1,DE,11,17.1166672621721,19.725794101896,14
SURC,0.1,DE,12,17.1167809767774,19.725534491427,14
SURC,0.1,DE,13,17.1168165209459,19.7250636581072,14
SURC,0.1,DE,14,17.1168804752954,19.7244872408735,14
SURC,0.1,ES,0,12.4895442396816,29.1192051272361,6
SURC,0.1,ES,1,12.4908235887592,29.0940851674257,6
SURC,0.1,ES,2,12.4960151264107,29.05692957925,6
SURC,0.1,ES,3,12.4977292647148,29.0089403630382,6
SURC,0.1,ES,4,12.4979809742803,28.9517711301118,6
SURC,0.1,ES,5,12.498224953815,28.8860753572156,6
SURC,0.1,ES,6,12.4979715766774,28.8120589368326,6
SURC,0.1,ES,7,12.4976624101117,28.7301640792748,6
SURC,0.1,ES,8,12.4974819857048,28.6407984313048,6
SURC,0.1,ES,9,12.4973834070379,28.5443755526538,6
SURC,0.1,ES,10,12.4973107261047,28.4413622283536,6
SURC,0.1,ES,11,12.4972489097678,28.3322383324464,6
SURC,0.1,ES,12,12.4972076686344,28.2175291339139,6
SURC,0.1,ES,13,12.497156615396,28.0977666233647,6
SURC,0.1,ES,14,12.4971042060572,27.9734991396328,6
SURC,0.1,FR,0,14.2043850177549,19.4194243911128,5
SURC,0.1,FR,1,14.1990305843746,19.4162397630402,5
SURC,0.1,FR,2,14.193591323616,19.4129957486534,5
SURC,0.1,FR,3,14.1882318018984,19.3795300306589,5
SURC,0.1,FR,4,14.1834161234412,19.3369573979369,5
SURC,0.1,FR,5,14.1796044955169,19.2823527573943,5
SURC,0.1,FR,6,14.1722050439736,19.2199830519972,5
SURC,0.1,FR,7,14.1660254600538,19.1514517425757,5
SURC,0.1,FR,8,14.1616162758692,19.0777981422286,5
SURC,0.1,FR,9,14.1585348662309,18.9996624372506,5
SURC,0.1,FR,10,14.156102712694,18.9177630993554,5
SURC,0.1,FR,11,14.1541472148722,18.8328130877262,5
SURC,0.1,FR,12,14.152886956498,18.74553976526,5
SURC,0.1,FR,13,14.1517970242526,18.6566588525823,5
SURC,0.1,FR,14,14.1509874300297,18.5668236987461,5
SURC,0.1,GR,0,13.4147356886509,25.5855060511382,4
SURC,0.1,GR,1,13.4146475486761,25.5854986155933,4
SURC,0.1,GR,2,13.4145316848407,25.5854875522448,4
SURC,0.1,GR,3,13.4143892257144,25.5854729831995,4
SURC,0.1,GR,4,13.4142184299988,25.5854550633278,4
SURC,0.1,GR,5,13.4134991810724,25.5854337433751,4
SURC,0.1,GR,6,13.4132871637228,25.5854097317781,4
SURC,0.1,GR,7,13.4130562498979,25.5853830647092,4
SURC,0.1,GR,8,13.412794087219,25.5853540233818,4
SURC,0.1,GR,9,13.4125170426012,25.5853228922787,4
SURC,0.1,GR,10,13.4122188461336,25.5852899716663,4
SURC,0.1,GR,11,13.4119263186418,25.5852555541341,4
SURC,0.1,GR,12,13.4116398237818,25.5852199332825,4
SURC,0.1,GR,13,13.4113664954829,25.5851839060864,4
SURC,0.1,GR,14,13.4111048105196,25.5851494536908,4
SURC,0.1,IT,0,15.0162444140534,37.152739737311,7
SURC,0.1,IT,1,15.0140503526011,37.1524590257509,7
SURC,0.1,IT,2,15.0117271408206,37.1521353655391,7
SURC,0.1,IT,3,15.0063124669007,37.1511463844451,7
SURC,0.1,IT,4,15.0005448385622,37.1499932249333,7
SURC,0.1,IT,5,14.9958695490907,37.1490766296788,7
SURC,0.1,IT,6,14.9909113304121,37.1480607858502,7
SURC,0.1,IT,7,14.9870115795139,37.1472204330413,7
SURC,0.1,IT,8,14.9840755887801,37.146582923,7
SURC,0.1,IT,9,14.981872294343,37.1461188946709,7
SURC,0.1,IT,10,14.9802021425667,37.1457687500733,7
SURC,0.1,IT,11,14.9788940916432,37.1454938914339,7
SURC,0.1,IT,12,14.9779222643152,37.1452945593632,7
SURC,0.1,IT,13,14.9771080891821,37.1451338141584,7
SURC,0.1,IT,14,14.9764940992054,37.1450100529632,7
SURC,0.1,NL,0,17.2250219320421,22.1497148378128,5
SURC,0.1,NL,1,17.2247985873297,22.1496901379467,5
SURC,0.1,NL,2,17.224595812087,22.1496676323913,5
SURC,0.1,NL,3,17.2234263780009,22.1495261242132,5
SURC,0.1,NL,4,17.2218654365491,22.1493355618117,5
SURC,0.1,NL,5,17.2205478173537,22.1491774276471,5
SURC,0.1,NL,6,17.219198854614,22.1490160076673,5
SURC,0.1,NL,7,17.2180668514076,22.1488824244904,5
SURC,0.1,NL,8,17.2171660649631,22.1487783647284,5
SURC,0.1,NL,9,17.2164644464328,22.1487013714096,5
SURC,0.1,NL,10,17.215921003675,22.1486414136478,5
SURC,0.1,NL,11,17.2154657162304,22.1485911520788,5
SURC,0.1,NL,12,17.2151277041747,22.1485533081822,5
SURC,0.1,NL,13,17.2148624454079,22.1485237054739,5
SURC,0.1,NL,14,17.214657923037,22.148501083218,5
SURC,0.1,Other euro area,0,19.8045825135503,47.3361188270121,16
SURC,0.1,Other euro area,1,19.8042292074417,47.3360964497433,16
SURC,0.1,Other euro area,2,19.8038258718993,47.3360677916729,16
SURC,0.1,Other euro area,3,19.8034693572491,47.3360340398289,16
SURC,0.1,Other euro area,4,19.8031997046866,47.3359987766243,16
SURC,0.1,Other euro area,5,19.8029473363598,47.3359681085606,16
SURC,0.1,Other euro area,6,19.8026565060977,47.335929709229,16
SURC,0.1,Other euro area,7,19.8023488872581,47.3358891424243,16
SURC,0.1,Other euro area,8,19.8020901319032,47.3358543638463,16
SURC,0.1,Other euro area,9,19.8019145399262,47.3358294118683,16
SURC,0.1,Other euro area,10,19.8017570996372,47.3358069344042,16
SURC,0.1,Other euro area,11,19.8016272645956,47.3357867944655,16
SURC,0.1,Other euro area,12,19.8015105113065,47.3357687719887,16
SURC,0.1,Other euro area,13,19.801408900304,47.3357519694449,16
SURC,0.1,Other euro area,14,19.8013181263373,47.3357360460112,16
SURC,0.2,AT,0,14.8681351916905,25.2695515079645,6
SURC,0.2,AT,1,14.8677660268893,25.2360031851833,6
SURC,0.2,AT,2,14.8674053867317,25.194037012872,6
SURC,0.2,AT,3,14.8671301221611,25.1463764317979,6
SURC,0.2,AT,4,14.8666644988295,25.0952362077064,6
SURC,0.2,AT,5,14.8663740852433,25.0417550073431,6
SURC,0.2,AT,6,14.8660858514766,24.9959103991215,6
SURC,0.2,AT,7,14.8658822828505,24.9464631873928,6
SURC,0.2,AT,8,14.8657127228661,24.8939899213535,6
SURC,0.2,AT,9,14.8655938751502,24.8391291961378,6
SURC,0.2,AT,10,14.8654825263701,24.7824813950597,6
SURC,0.2,AT,11,14.8653829495543,24.7246430441291,6
SURC,0.2,AT,12,14.8652870515317,24.666163143777,6
SURC,0.2,AT,13,14.8651794850088,24.6075409227536,6
SURC,0.2,AT,14,14.8650842183272,24.5501770899988,6
SURC,0.2,BE,0,18.1989225711256,21.7112158320927,4
SURC,0.2,BE,1,18.198836846734,21.7111989729037,4
SURC,0.2,BE,2,18.1985340435665,21.7111371202767,4
SURC,0.2,BE,3,18.1982535851038,21.7110812478818,4
SURC,0.2,BE,4,18.1977809535364,21.7109887853307,4
SURC,0.2,BE,5,18.1973542010069,21.7109043504637,4
SURC,0.2,BE,6,18.1969993819316,21.7108332124672,4
SURC,0.2,BE,7,18.1967289992931,21.7107792777462,4
SURC,0.2,BE,8,18.1965033515019,21.710734085942,4
SURC,0.2,BE,9,18.1960253014445,21.7106322198316,4
SURC,0.2,BE,10,18.1955007700377,21.7105194360217,4
SURC,0.2,BE,11,18.1949241041239,21.7103946497796,4
SURC,0.2,BE,12,18.1943197443123,21.7102632363561,4
SURC,0.2,BE,13,18.1935890945401,21.7101071907289,4
SURC,0.2,BE,14,18.193003021326,21.7099833783255,4
SURC,0.2,DE,0,16.713131722259,19.7037425905195,14
SURC,0.2,DE,1,16.7126478594542,19.6613681616031,14
SURC,0.2,DE,2,16.7120958069236,19.6610589776618,14
SURC,0.2,DE,3,16.7118636236797,19.6610378695226,14
SURC,0.2,DE,4,16.7113425663503,19.6600551199532,14
SURC,0.2,DE,5,16.7108952741215,19.6583898901061,14
SURC,0.2,DE,6,16.7106180801453,19.6562379946711,14
SURC,0.2,DE,7,16.7103647048351,19.6536612326112,14
SURC,0.2,DE,8,16.7102803775367,19.6507233874466,14
SURC,0.2,DE,9,16.7097154011042,19.6472716026808,14
SURC,0.2,DE,10,16.7091093412819,19.6434071880084,14
SURC,0.2,DE,11,16.7085940432517,19.639179341409,14
SURC,0.2,DE,12,16.7081762998651,19.6346533244308,14
SURC,0.2,DE,13,16.7076676489632,19.6299200690549,14
SURC,0.2,DE,14,16.7074954359062,19.6250450655835,14
SURC,0.2,ES,0,12.1810766098265,29.0785523102798,6
SURC,0.2,ES,1,12.1858997754122,29.0412362963484,6
SURC,0.2,ES,2,12.1870366489846,28.9862215750061,6
SURC,0.2,ES,3,12.1884495404361,28.918215859767,6
SURC,0.2,ES,4,12.1882381299999,28.8371802495776,6
SURC,0.2,ES,5,12.1877747389606,28.7439401882855,6
SURC,0.2,ES,6,12.186888537018,28.6390605135579,6
SURC,0.2,ES,7,12.186476135368,28.5232614476369,6
SURC,0.2,ES,8,12.1860341094255,28.3971455353423,6
SURC,0.2,ES,9,12.1848151610691,28.2612166413711,6
SURC,0.2,ES,10,12.1833585868371,28.1163681870528,6
SURC,0.2,ES,11,12.1817600020482,27.9634144900049,6
SURC,0.2,ES,12,12.1800545145226,27.8031956916644,6
SURC,0.2,ES,13,12.1772772328357,27.6362823892407,6
SURC,0.2,ES,14,12.1747185844794,27.4639202930047,6
SURC,0.2,FR,0,13.8263567739844,19.386381497874,5
SURC,0.2,FR,1,13.8197605566365,19.3816773868222,5
SURC,0.2,FR,2,13.8095194495259,19.174629173603,5
SURC,0.2,FR,3,13.809153164453,19.102894631483,5
SURC,0.2,FR,4,13.8061596126096,19.0369364537295,5
SURC,0.2,FR,5,13.8025212471725,18.9604095437549,5
SURC,0.2,FR,6,13.7993602906418,18.8752233395092,5
SURC,0.2,FR,7,13.8003843795566,18.7826921961228,5
SURC,0.2,FR,8,13.8017922172865,18.6835741708596,5
SURC,0.2,FR,9,13.8026355389716,18.5791689773267,5
SURC,0.2,FR,10,13.8030722330847,18.4709010029308,5
SURC,0.2,FR,11,13.8030090903371,18.3595005938302,5
SURC,0.2,FR,12,13.8018842656539,18.2473934092958,5
SURC,0.2,FR,13,13.7977383753238,18.1326833576666,5
SURC,0.2,FR,14,13.7936949630832,18.0171126107877,5
SURC,0.2,GR,0,13.1214004456409,25.5464849529905,4
SURC,0.2,GR,1,13.121287820824,25.5464754180223,4
SURC,0.2,GR,2,13.1211402141823,25.5464612386963,4
SURC,0.2,GR,3,13.1209517045378,25.5464425650551,4
SURC,0.2,GR,4,13.1202509578496,25.5464196155004,4
SURC,0.2,GR,5,13.1199976699584,25.5463924826105,4
SURC,0.2,GR,6,13.1197268282688,25.5463618079213,4
SURC,0.2,GR,7,13.1194339856827,25.5463278557283,4
SURC,0.2,GR,8,13.1191220096849,25.5462909373366,4
SURC,0.2,GR,9,13.1187929640502,25.5462514322433,4
SURC,0.2,GR,10,13.1184497328107,25.5462097255593,4
SURC,0.2,GR,11,13.1181131704123,25.5461661931765,4
SURC,0.2,GR,12,13.1177872486888,25.5461234614864,4
SURC,0.2,GR,13,13.1174702754953,25.5460819986913,4
SURC,0.2,GR,14,13.1171623146918,25.5460416829369,4
SURC,0.2,IT,0,14.4022049709639,37.0732408386335,7
SURC,0.2,IT,1,14.3995719433937,37.0728595284616,7
SURC,0.2,IT,2,14.3939591303048,37.0718970866155,7
SURC,0.2,IT,3,14.3893526548113,37.0710747183087,7
SURC,0.2,IT,4,14.3835521865116,37.0699585658591,7
SURC,0.2,IT,5,14.3780204891891,37.0688608480309,7
SURC,0.2,IT,6,14.3730344079813,37.0677426342816,7
SURC,0.2,IT,7,14.3693819068418,37.0669520948638,7
SURC,0.2,IT,8,14.3663452645171,37.0662932745566,7
SURC,0.2,IT,9,14.3634855759208,37.0656722760615,7
SURC,0.2,IT,10,14.3608229908407,37.0650842609558,7
SURC,0.2,IT,11,14.3582781053408,37.0645201957781,7
SURC,0.2,IT,12,14.3559405819605,37.0639949366816,7
SURC,0.2,IT,13,14.3518023357562,37.0631218620181,7
SURC,0.2,IT,14,14.3478253301298,37.0622915510693,7
SURC,0.2,NL,0,17.0027591958696,22.1329328491657,5
SURC,0.2,NL,1,17.0023804686982,22.1328902648131,5
SURC,0.2,NL,2,17.0013345404486,22.1327651155469,5
SURC,0.2,NL,3,17.0003271287676,22.1326444319688,5
SURC,0.2,NL,4,16.9986201046299,22.132439860343,5
SURC,0.2,NL,5,16.9968802471288,22.1322299173004,5
SURC,0.2,NL,6,16.9949227163559,22.1319945645424,5
SURC,0.2,NL,7,16.9933153838693,22.131805591264,5
SURC,0.2,NL,8,16.9918749511516,22.1316388441174,5
SURC,0.2,NL,9,16.9888328244378,22.1312551234202,5
SURC,0.2,NL,10,16.985321744113,22.1308108520661,5
SURC,0.2,NL,11,16.9814929617114,22.130321744467,5
SURC,0.2,NL,12,16.9774085437826,22.1297981061069,5
SURC,0.2,NL,13,16.9735295291965,22.1293041808397,5
SURC,0.2,NL,14,16.9706647080275,22.1289423498339,5
SURC,0.2,Other euro area,0,19.3440361245261,47.2579065971032,16
SURC,0.2,Other euro area,1,19.3435622939324,47.2578697520664,16
SURC,0.2,Other euro area,2,19.3431189963525,47.257833350047,16
SURC,0.2,Other euro area,3,19.3427801898447,47.2578020161506,16
SURC,0.2,Other euro area,4,19.3424901555557,47.2577652787726,16
SURC,0.2,Other euro area,5,19.3422122664559,47.2577292168468,16
SURC,0.2,Other euro area,6,19.3417776689425,47.2576708949973,16
SURC,0.2,Other euro area,7,19.3415101435185,47.2576321734912,16
SURC,0.2,Other euro area,8,19.3412809553011,47.2575979074835,16
SURC,0.2,Other euro area,9,19.3410895867556,47.2575692566571,16
SURC,0.2,Other euro area,10,19.3409106267176,47.2575415352285,16
SURC,0.2,Other euro area,11,19.340750726213,47.2575162445086,16
SURC,0.2,Other euro area,12,19.3406084241561,47.2574925304216,16
SURC,0.2,Other euro area,13,19.3404783039496,47.2574664258092,16
SURC,0.2,Other euro area,14,19.3403569486089,47.2574384298774,16
SURC,0.3,AT,0,14.6057707097006,25.2385228643692,6
SURC,0.3,AT,1,14.6054049138228,25.2004402309114,6
SURC,0.3,AT,2,14.604968311689,25.1547731821613,6
SURC,0.3,AT,3,14.6045952632118,25.1104442054474,6
SURC,0.3,AT,4,14.6041296247697,25.056771212309,6
SURC,0.3,AT,5,14.6037863899605,25.0005018033946,6
SURC,0.3,AT,6,14.6034896621216,24.9516999932828,6
SURC,0.3,AT,7,14.6032573992256,24.8992163569866,6
SURC,0.3,AT,8,14.6030835663574,24.8437093859994,6
SURC,0.3,AT,9,14.6029103670782,24.785863184973,6
SURC,0.3,AT,10,14.6027608089749,24.7263723569309,6
SURC,0.3,AT,11,14.6026243655262,24.6658789739501,6
SURC,0.3,AT,12,14.6024939798693,24.6049741250434,6
SURC,0.3,AT,13,14.6023680279823,24.5450483530256,6
SURC,0.3,AT,14,14.602249998149,24.4893629401028,6
SURC,0.3,BE,0,17.9533283866134,21.6954452179324,4
SURC,0.3,BE,1,17.9532441387816,21.6954285768433,4
SURC,0.3,BE,2,17.952856825085,21.6953497632438,4
SURC,0.3,BE,3,17.9510130290115,21.6949574015818,4
SURC,0.3,BE,4,17.9499510142349,21.6947328682675,4
SURC,0.3,BE,5,17.9490894791539,21.6945519487113,4
SURC,0.3,BE,6,17.9484552568943,21.6944198132763,4
SURC,0.3,BE,7,17.9479738117429,21.6943201211209,4
SURC,0.3,BE,8,17.9472714595402,21.6941759533631,4
SURC,0.3,BE,9,17.9467125476419,21.6940617034645,4
SURC,0.3,BE,10,17.9463494067526,21.6939875173835,4
SURC,0.3,BE,11,17.9460934233108,21.6939355419012,4
SURC,0.3,BE,12,17.945887567675,21.6938938405226,4
SURC,0.3,BE,13,17.9457344259854,21.6938629538782,4
SURC,0.3,BE,14,17.9456146215588,21.6938388453817,4
SURC,0.3,DE,0,16.3050436998479,19.6395132487366,14
SURC,0.3,DE,1,16.3051059784524,19.6377721889967,14
SURC,0.3,DE,2,16.3052889564818,19.6365274670549,14
SURC,0.3,DE,3,16.3024729598146,19.6320144069625,14
SURC,0.3,DE,4,16.3013772856695,19.626732334006,14
SURC,0.3,DE,5,16.3006571448037,19.6206599030933,14
SURC,0.3,DE,6,16.3002164354696,19.6137917690877,14
SURC,0.3,DE,7,16.2994313872795,19.6061747749069,14
SURC,0.3,DE,8,16.2992002016836,19.5978381342672,14
SURC,0.3,DE,9,16.2988650361711,19.5887932025103,14
SURC,0.3,DE,10,16.2986366086786,19.57912142848,14
SURC,0.3,DE,11,16.2984697696165,19.5688474324774,14
SURC,0.3,DE,12,16.2983175779463,19.5580118365526,14
SURC,0.3,DE,13,16.2982042888023,19.5466564282623,14
SURC,0.3,DE,14,16.2981179856568,19.5348234975912,14
SURC,0.3,ES,0,11.871310097027,29.0823121011698,6
SURC,0.3,ES,1,11.8762097864714,29.0295935166874,6
SURC,0.3,ES,2,11.8772142231439,28.9552151308551,6
SURC,0.3,ES,3,11.8736110776059,28.8621731099236,6
SURC,0.3,ES,4,11.8718038116924,28.7523810916099,6
SURC,0.3,ES,5,11.8693981294001,28.6260168646245,6
SURC,0.3,ES,6,11.8674958728576,28.4842788069606,6
SURC,0.3,ES,7,11.8659602202594,28.3281158170135,6
SURC,0.3,ES,8,11.8628386673539,28.1580265737756,6
SURC,0.3,ES,9,11.8603602432171,27.9758226082632,6
SURC,0.3,ES,10,11.8588262258992,27.782828436209,6
SURC,0.3,ES,11,11.8577426624559,27.5801889256545,6
SURC,0.3,ES,12,11.8568865582181,27.3691377649273,6
SURC,0.3,ES,13,11.8561794000325,26.9839222922466,6
SURC,0.3,ES,14,11.97435006383,25.3211900514254,5
SURC,0.3,FR,0,13.4504585504327,19.1408155943491,5
SURC,0.3,FR,1,13.4486748484198,19.1382841749115,5
SURC,0.3,FR,2,13.4484270621101,19.1026668717025,5
SURC,0.3,FR,3,13.4378030969163,19.0318858191495,5
SURC,0.3,FR,4,13.4356414741858,18.9446596458675,5
SURC,0.3,FR,5,13.4288331271468,18.8445245194289,5
SURC,0.3,FR,6,13.4235327092167,18.7360664839971,5
SURC,0.3,FR,7,13.4214615984201,18.6167737182669,5
SURC,0.3,FR,8,13.4142611868375,18.4885439044149,5
SURC,0.3,FR,9,13.40894642261,18.3543138169823,5
SURC,0.3,FR,10,13.4062228180714,18.2160077751195,5
SURC,0.3,FR,11,13.4048274146542,18.0752821690372,5
SURC,0.3,FR,12,13.403844755716,17.9336882200939,5
SURC,0.3,FR,13,13.4033204709887,17.7927203393339,5
SURC,0.3,FR,14,13.4028367787602,17.6535281066233,5
SURC,0.3,GR,0,12.8280609023915,25.5074638547669,4
SURC,0.3,GR,1,12.8279177089974,25.5074517012282,4
SURC,0.3,GR,2,12.8277269560364,25.5074336369372,4
SURC,0.3,GR,3,12.8270775844287,25.5074098614225,4
SURC,0.3,GR,4,12.8267959087987,25.5073804035953,4
SURC,0.3,GR,5,12.826489708997,25.5073461973637,4
SURC,0.3,GR,6,12.8261508115451,25.5073073756914,4
SURC,0.3,GR,7,12.8257820088456,25.507264390388,4
SURC,0.3,GR,8,12.8253892305004,25.5072177206046,4
SURC,0.3,GR,9,12.8249773591258,25.5071678602145,4
SURC,0.3,GR,10,12.8245737779969,25.5071155456749,4
SURC,0.3,GR,11,12.8241775695997,25.5070642013657,4
SURC,0.3,GR,12,12.8237879355605,25.5070137158178,4
SURC,0.3,GR,13,12.8234042086528,25.5069639944023,4
SURC,0.3,GR,14,12.8230258351226,25.5069149584513,4
SURC,0.3,IT,0,13.7881577739222,36.9937370238027,7
SURC,0.3,IT,1,13.7855898923964,36.9933707899994,7
SURC,0.3,IT,2,13.7789929440782,36.9922341836484,7
SURC,0.3,IT,3,13.7702835416323,36.9905194514897,7
SURC,0.3,IT,4,13.7637112260699,36.9891043155149,7
SURC,0.3,IT,5,13.7566199809013,36.9875980116298,7
SURC,0.3,IT,6,13.7506140422728,36.9862812118682,7
SURC,0.3,IT,7,13.7457112844385,36.9852887893421,7
SURC,0.3,IT,8,13.7387711519037,36.9838735560548,7
SURC,0.3,IT,9,13.7333828121915,36.982771865191,7
SURC,0.3,IT,10,13.7298327926351,36.9820546678554,7
SURC,0.3,IT,11,13.7272662950059,36.981540779865,7
SURC,0.3,IT,12,13.7252522232283,36.9811415519672,7
SURC,0.3,IT,13,13.7237703637267,36.9808510249864,7
SURC,0.3,IT,14,13.722564061986,36.98061771641,7
SURC,0.3,NL,0,16.7805062218102,22.1161628460686,5
SURC,0.3,NL,1,16.7799997390822,22.1161046690675,5
SURC,0.3,NL,2,16.7784066344823,22.1159120967167,5
SURC,0.3,NL,3,16.766796277262,22.1144239918253,5
SURC,0.3,NL,4,16.7600524298897,22.1135688723661,5
SURC,0.3,NL,5,16.7548075987261,22.1129131267246,5
SURC,0.3,NL,6,16.7510156716674,22.1124459367437,5
SURC,0.3,NL,7,16.7483046124004,22.1121181191428,5
SURC,0.3,NL,8,16.7456869687029,22.1117993383863,5
SURC,0.3,NL,9,16.7436221627622,22.1115762670745,5
SURC,0.3,NL,10,16.7422027595583,22.1114474103889,5
SURC,0.3,NL,11,16.741216812054,22.1113570293957,5
SURC,0.3,NL,12,16.7404605422688,22.1112862495529,5
SURC,0.3,NL,13,16.7399062968769,22.111235135764,5
SURC,0.3,NL,14,16.7394759461223,22.1111949869314,5
SURC,0.3,Other euro area,0,18.8819162598739,47.1796017813241,16
SURC,0.3,Other euro area,1,18.8814675124292,47.179566824931,16
SURC,0.3,Other euro area,2,18.8809756363186,47.1795222009745,16
SURC,0.3,Other euro area,3,18.8805859563863,47.1794768939951,16
SURC,0.3,Other euro area,4,18.8802720434926,47.1794364716931,16
SURC,0.3,Other euro area,5,18.8798037843471,47.1793773792815,16
SURC,0.3,Other euro area,6,18.8793426412057,47.1793168081983,16
SURC,0.3,Other euro area,7,18.8790420327215,47.1792751132443,16
SURC,0.3,Other euro area,8,18.8788119552096,47.1792340456881,16
SURC,0.3,Other euro area,9,18.8786000432869,47.1791950561055,16
SURC,0.3,Other euro area,10,18.8784292759863,47.1791632958398,16
SURC,0.3,Other euro area,11,18.8782737760113,47.1791337697207,16
SURC,0.3,Other euro area,12,18.8781461258238,47.1791080665111,16
SURC,0.3,Other euro area,13,18.878034546056,47.1790856490211,16
SURC,0.3,Other euro area,14,18.8779385901802,47.1790662582067,16
SURC,0.4,AT,0,14.3434138693557,25.1534419045185,6
SURC,0.4,AT,1,14.3432759096858,25.1087401649369,6
SURC,0.4,AT,2,14.3399792271536,25.0388486492898,6
SURC,0.4,AT,3,14.3389920947811,24.9688004774822,6
SURC,0.4,AT,4,14.3386141311901,24.8816207866527,6
SURC,0.4,AT,5,14.3387879830696,24.7870569645037,6
SURC,0.4,AT,6,14.3388736122416,24.6951784021649,6
SURC,0.4,AT,7,14.3389936930947,24.5951176539975,6
SURC,0.4,AT,8,14.3391145773626,24.4878307238911,6
SURC,0.4,AT,9,14.339184690323,24.3742861006632,6
SURC,0.4,AT,10,14.3392404236071,24.2554559315901,6
SURC,0.4,AT,11,14.339284502561,24.1322674027509,6
SURC,0.4,AT,12,14.3393170086395,24.0058390788157,6
SURC,0.4,AT,13,14.3393439040847,23.8809112755846,6
SURC,0.4,AT,14,14.339364877549,23.7572740434313,6
SURC,0.4,BE,0,17.7077390031184,21.5984597294019,4
SURC,0.4,BE,1,17.7075757346708,21.59842732686,4
SURC,0.4,BE,2,17.7057917292585,21.5980474544422,4
SURC,0.4,BE,3,17.7044438698834,21.5977692869105,4
SURC,0.4,BE,4,17.7033322377997,21.5975397948228,4
SURC,0.4,BE,5,17.7023813424305,21.5973441265481,4
SURC,0.4,BE,6,17.701157321796,21.5970940972701,4
SURC,0.4,BE,7,17.6999425417573,21.5968464178383,4
SURC,0.4,BE,8,17.6991272845044,21.5966807508456,4
SURC,0.4,BE,9,17.6984341968435,21.5965416679677,4
SURC,0.4,BE,10,17.6978335339404,21.5964226982184,4
SURC,0.4,BE,11,17.6973218954299,21.5963217079781,4
SURC,0.4,BE,12,17.6969221680631,21.596242618861,4
SURC,0.4,BE,13,17.6965572191906,21.5961683265943,4
SURC,0.4,BE,14,17.6962542257426,21.5961064386116,4
SURC,0.4,DE,0,15.8975400205343,19.6172398572086,14
SURC,0.4,DE,1,15.8972399491905,19.6146083367254,14
SURC,0.4,DE,2,15.8898310040921,19.6094161070688,14
SURC,0.4,DE,3,15.8861022034602,19.6022591053053,14
SURC,0.4,DE,4,15.8839488052655,19.5936752338991,14
SURC,0.4,DE,5,15.8826561798099,19.5837250088088,14
SURC,0.4,DE,6,15.8815107161909,19.572463025292,14
SURC,0.4,DE,7,15.8806992282602,19.5599991896355,14
SURC,0.4,DE,8,15.8801716322045,19.5464664748146,14
SURC,0.4,DE,9,15.8789696835908,19.5317814313155,14
SURC,0.4,DE,10,15.8780926034538,19.5162133586179,14
SURC,0.4,DE,11,15.8774200892513,19.4998470796339,14
SURC,0.4,DE,12,15.8769126156385,19.4827676425595,14
SURC,0.4,DE,13,15.8765146187293,19.4650659661771,14
SURC,0.4,DE,14,15.876191882948,19.446831047973,14
SURC,0.4,ES,0,11.5614724805549,28.8654564725954,6
SURC,0.4,ES,1,11.5654573807855,28.7962290288294,6
SURC,0.4,ES,2,11.552876882966,28.6996352898302,6
SURC,0.4,ES,3,11.5532918566375,28.5667100860437,6
SURC,0.4,ES,4,11.5574950531779,28.409163409992,6
SURC,0.4,ES,5,11.562513233629,28.2277900145856,6
SURC,0.4,ES,6,11.5665836882625,28.0240454330204,6
SURC,0.4,ES,7,11.5697296312706,27.8008775159116,6
SURC,0.4,ES,8,11.5754998793798,27.5608510182579,6
SURC,0.4,ES,9,11.5809786107231,27.305499861976,6
SURC,0.4,ES,10,11.5868220284136,27.036308442736,6
SURC,0.4,ES,11,11.5915942833761,26.7555991336846,6
SURC,0.4,ES,12,11.7187313356785,24.6568203395537,5
SURC,0.4,ES,13,11.7229120781224,24.4365978078807,5
SURC,0.4,ES,14,11.726225108957,24.2096814107729,5
SURC,0.4,FR,0,13.0745069569729,19.1099024935673,5
SURC,0.4,FR,1,13.0755400092281,19.0967472816541,5
SURC,0.4,FR,2,13.0011604839135,19.0362013788427,5
SURC,0.4,FR,3,12.960262298548,18.9394180680728,5
SURC,0.4,FR,4,12.9316104207033,18.8229245460299,5
SURC,0.4,FR,5,12.9185047488403,18.6887926528219,5
SURC,0.4,FR,6,12.8950585795426,18.5378158746933,5
SURC,0.4,FR,7,12.8732562598383,18.3733958922118,5
SURC,0.4,FR,8,12.860472176426,18.2001615096602,5
SURC,0.4,FR,9,12.851588107809,18.0209079302372,5
SURC,0.4,FR,10,12.8445604851266,17.8382193256526,5
SURC,0.4,FR,11,12.838448794624,17.654759695159,5
SURC,0.4,FR,12,12.8340814621363,17.477221630192,5
SURC,0.4,FR,13,12.8306335232209,17.3091393193992,5
SURC,0.4,FR,14,12.827958735082,17.1502203409108,5
SURC,0.4,GR,0,12.5357857654888,25.36625067873,4
SURC,0.4,GR,1,12.5357118458317,25.2709170939596,4
SURC,0.4,GR,2,12.5357385024742,25.1446571963623,4
SURC,0.4,GR,3,12.5351314561416,24.9884934157979,4
SURC,0.4,GR,4,12.5351360999488,24.8040384291994,4
SURC,0.4,GR,5,12.5351156603193,24.5929496626124,4
SURC,0.4,GR,6,12.5351185471373,24.3571042421399,4
SURC,0.4,GR,7,12.5351208449288,24.0985310157439,4
SURC,0.4,GR,8,12.5351225591197,23.8208210159873,4
SURC,0.4,GR,9,12.5351237127061,23.5440912449068,4
SURC,0.4,GR,10,12.5351245400428,23.2681063922787,4
SURC,0.4,GR,11,12.5351250852935,22.9926888488124,4
SURC,0.4,GR,12,12.5351252294936,22.7177129603484,4
SURC,0.4,GR,13,12.5351255177634,22.4430996254074,4
SURC,0.4,GR,14,12.5351257187183,22.1688104217962,4
SURC,0.4,IT,0,13.177071683858,36.1944211738562,7
SURC,0.4,IT,1,13.1773794647879,36.181324347628,7
SURC,0.4,IT,2,13.145330217826,36.1597575600981,7
SURC,0.4,IT,3,13.1268269672231,36.1360302054083,7
SURC,0.4,IT,4,13.1144122040472,36.1063584195634,7
SURC,0.4,IT,5,13.1055322789492,36.0578622860426,7
SURC,0.4,IT,6,13.0935033472263,36.0022017883575,7
SURC,0.4,IT,7,13.0825656213736,35.9402315760872,7
SURC,0.4,IT,8,13.0782699346785,35.8722224380955,7
SURC,0.4,IT,9,13.076613755681,35.7972668315707,7
SURC,0.4,IT,10,13.0777421737766,35.7160178960845,7
SURC,0.4,IT,11,13.0795390903325,35.6292575530278,7
SURC,0.4,IT,12,13.0821695929877,35.5377789175816,7
SURC,0.4,IT,13,13.0842831109114,35.4422510225894,7
SURC,0.4,IT,14,13.0854017822649,35.3435707889057,7
SURC,0.4,NL,0,16.5582028619261,22.0993746574569,5
SURC,0.4,NL,1,16.5572908791849,22.0992674530803,5
SURC,0.4,NL,2,16.5449855961111,22.0977341563088,5
SURC,0.4,NL,3,16.5367510709401,22.0967396893767,5
SURC,0.4,NL,4,16.5307937494673,22.0960295885545,5
SURC,0.4,NL,5,16.5260597135276,22.0954520985368,5
SURC,0.4,NL,6,16.5214700305564,22.0949002178794,5
SURC,0.4,NL,7,16.517451866759,22.0944178355879,5
SURC,0.4,NL,8,16.5147494424003,22.0941390441851,5
SURC,0.4,NL,9,16.5124335147531,22.0938980034138,5
SURC,0.4,NL,10,16.5106488717941,22.0937104727599,5
SURC,0.4,NL,11,16.5089021881527,22.0935181887054,5
SURC,0.4,NL,12,16.5076040747568,22.0933770298672,5
SURC,0.4,NL,13,16.506609113254,22.0932703694183,5
SURC,0.4,NL,14,16.5058456089334,22.0931885246876,5
SURC,0.4,Other euro area,0,18.4198223441193,47.1007819775307,16
SURC,0.4,Other euro area,1,18.4194927822419,47.0828706565848,16
SURC,0.4,Other euro area,2,18.4141998464062,47.0583749699062,16
SURC,0.4,Other euro area,3,18.4117118940708,47.0282834957231,16
SURC,0.4,Other euro area,4,18.4101206771629,46.9928519853614,16
SURC,0.4,Other euro area,5,18.4098260381454,46.9524780141398,16
SURC,0.4,Other euro area,6,18.4094046364029,46.9075260328178,16
SURC,0.4,Other euro area,7,18.4091127391915,46.8584790145266,16
SURC,0.4,Other euro area,8,18.4089679349264,46.8020678515002,16
SURC,0.4,Other euro area,9,18.4087938837663,46.7157060813866,16
SURC,0.4,Other euro area,10,18.4086544863209,46.6335826120798,16
SURC,0.4,Other euro area,11,18.4085275461046,46.5560352584029,16
SURC,0.4,Other euro area,12,18.4084011857217,46.4828145990827,16
SURC,0.4,Other euro area,13,18.9494595799573,47.7122975287129,15
SURC,0.4,Other euro area,14,18.9493948133546,47.710364862684,15
SURC,0.5,AT,0,14.0810504823258,25.1223699542712,6
SURC,0.5,AT,1,14.0812211536717,25.0665040936526,6
SURC,0.5,AT,2,14.0775664086613,24.9874195942429,6
SURC,0.5,AT,3,14.076564428338,24.9098763014594,6
SURC,0.5,AT,4,14.076211722105,24.8108984065788,6
SURC,0.5,AT,5,14.0762219693796,24.7029307037617,6
SURC,0.5,AT,6,14.0763842568734,24.596316548251,6
SURC,0.5,AT,7,14.0764955329259,24.480370430369,6
SURC,0.5,AT,8,14.0765498510552,24.3562428027911,6
SURC,0.5,AT,9,14.0764668960756,24.225105475659,6
SURC,0.5,AT,10,14.0765094014185,24.088163228168,6
SURC,0.5,AT,11,14.0765406030078,23.9465393394944,6
SURC,0.5,AT,12,14.076569730206,23.8050727304177,6
SURC,0.5,AT,13,14.0765923613724,23.6647207168945,6
SURC,0.5,AT,14,14.0766069525898,23.5254248552863,6
SURC,0.5,BE,0,17.4621448183918,21.5826974309967,4
SURC,0.5,BE,1,17.4619586895779,21.5826605149067,4
SURC,0.5,BE,2,17.4599663299095,21.5822431990288,4
SURC,0.5,BE,3,17.4585264379514,21.5819466327645,4
SURC,0.5,BE,4,17.4573651139433,21.5817076980505,4
SURC,0.5,BE,5,17.4565042210229,21.5815310542209,4
SURC,0.5,BE,6,17.4548009687974,21.5811816590585,4
SURC,0.5,BE,7,17.4533552877205,21.5808892395186,4
SURC,0.5,BE,8,17.4522163252353,21.5806617985693,4
SURC,0.5,BE,9,17.4513044889461,21.5804815931213,4
SURC,0.5,BE,10,17.4506124345957,21.5803452202488,4
SURC,0.5,BE,11,17.4500785725967,21.5802412532833,4
SURC,0.5,BE,12,17.4495984829853,21.5801460345889,4
SURC,0.5,BE,13,17.4492020248557,21.5800671479506,4
SURC,0.5,BE,14,17.4488767135008,21.5800029274053,4
SURC,0.5,DE,0,15.4894388832642,19.5947164577971,14
SURC,0.5,DE,1,15.4897501819683,19.5922721569094,14
SURC,0.5,DE,2,15.4814546732206,19.5836523088121,14
SURC,0.5,DE,3,15.4776263763307,19.5731900959942,14
SURC,0.5,DE,4,15.4752468888394,19.5605442824845,14
SURC,0.5,DE,5,15.473669371887,19.5455328690751,14
SURC,0.5,DE,6,15.4727434029851,19.5286167503015,14
SURC,0.5,DE,7,15.4713654426267,19.5098785590248,14
SURC,0.5,DE,8,15.4694921379494,19.4894621409699,14
SURC,0.5,DE,9,15.4681509920446,19.4677280815041,14
SURC,0.5,DE,10,15.467085213414,19.4447631630111,14
SURC,0.5,DE,11,15.4662864269443,19.420759235419,14
SURC,0.5,DE,12,15.4656761632231,19.3958519551112,14
SURC,0.5,DE,13,15.465146957871,19.370182493698,14
SURC,0.5,DE,14,15.4647432568688,19.3439238562216,14
SURC,0.5,ES,0,11.2517124049161,28.8170471454598,6
SURC,0.5,ES,1,11.256428029692,28.730840378661,6
SURC,0.5,ES,2,11.2495354523544,28.6078200227999,6
SURC,0.5,ES,3,11.2503336029979,28.4456924947285,6
SURC,0.5,ES,4,11.2511647246374,28.2525303434051,6
SURC,0.5,ES,5,11.2576139573807,28.0316061026313,6
SURC,0.5,ES,6,11.258995544368,27.7846191209946,6
SURC,0.5,ES,7,11.2621239851707,27.5155959796862,6
SURC,0.5,ES,8,11.2655610451488,27.2264344887362,6
SURC,0.5,ES,9,11.2701136072156,26.9197132477618,6
SURC,0.5,ES,10,11.2744277511541,26.5983545369835,6
SURC,0.5,ES,11,11.2782265511865,26.2795718963779,6
SURC,0.5,ES,12,11.280974384265,25.7108568827293,6
SURC,0.5,ES,13,11.2832038193595,25.1685315070402,6
SURC,0.5,ES,14,11.4025297402481,23.6126108633392,5
SURC,0.5,FR,0,12.698420360189,19.0733243156695,5
SURC,0.5,FR,1,12.7039219124865,19.0484673923886,5
SURC,0.5,FR,2,12.6218118159846,18.9696704635735,5
SURC,0.5,FR,3,12.5764301254537,18.8530590173876,5
SURC,0.5,FR,4,12.5490370073262,18.7154794763382,5
SURC,0.5,FR,5,12.5312766347607,18.5573659742082,5
SURC,0.5,FR,6,12.5009616663576,18.3797833301891,5
SURC,0.5,FR,7,12.476490664689,18.1890293056749,5
SURC,0.5,FR,8,12.4594570530303,17.9898764627093,5
SURC,0.5,FR,9,12.4469542364562,17.7860185315046,5
SURC,0.5,FR,10,12.4374548758872,17.5835257110245,5
SURC,0.5,FR,11,12.4305711338696,17.3913734858348,5
SURC,0.5,FR,12,12.4249363068267,17.2106506337953,5
SURC,0.5,FR,13,12.4205773462355,17.043512123511,5
SURC,0.5,FR,14,12.4172684245263,16.8365016514533,5
SURC,0.5,GR,0,12.2424781728194,25.3146918071307,4
SURC,0.5,GR,1,12.2423901224596,25.2003066523775,4
SURC,0.5,GR,2,12.2423899553359,25.0488876839613,4
SURC,0.5,GR,3,12.2416881453145,24.8619992995002,4
SURC,0.5,GR,4,12.2416640836849,24.6415603627216,4
SURC,0.5,GR,5,12.2416657370098,24.3897213176096,4
SURC,0.5,GR,6,12.2416667103901,24.1088878652884,4
SURC,0.5,GR,7,12.2416679257631,23.8016528228488,4
SURC,0.5,GR,8,12.241668815797,23.4914541845996,4
SURC,0.5,GR,9,12.2416693562497,23.1798998611725,4
SURC,0.5,GR,10,12.2416695552845,22.8669898097054,4
SURC,0.5,GR,11,12.2416696991046,22.5527909168184,4
SURC,0.5,GR,12,12.241669793897,22.2374276342401,4
SURC,0.5,GR,13,12.2416699455828,21.9210727242301,4
SURC,0.5,GR,14,12.2416700515724,21.6039381390068,4
SURC,0.5,IT,0,12.5644567084682,36.1097911774829,7
SURC,0.5,IT,1,12.564808189082,36.082963910275,7
SURC,0.5,IT,2,12.5297464044051,36.0429076498368,7
SURC,0.5,IT,3,12.5103670931469,35.9790290227279,7
SURC,0.5,IT,4,12.4955045534111,35.8970574086721,7
SURC,0.5,IT,5,12.4882276065608,35.6772868141609,7
SURC,0.5,IT,6,12.4868131624884,35.5609427645294,7
SURC,0.5,IT,7,12.4857653008338,35.3999911871352,7
SURC,0.5,IT,8,12.486877751308,35.2587677572154,7
SURC,0.5,IT,9,12.4892766689632,35.1067913526761,7
SURC,0.5,IT,10,12.4913732278315,34.9492473096472,7
SURC,0.5,IT,11,12.49673694583,34.77807477068,7
SURC,0.5,IT,12,12.500306440344,34.5987540116945,7
SURC,0.5,IT,13,12.5068706470895,34.4116151175414,7
SURC,0.5,IT,14,12.5128729783548,34.2181294514426,7
SURC,0.5,NL,0,16.3359366879004,22.0825922911946,5
SURC,0.5,NL,1,16.3348285127949,22.0824608002034,5
SURC,0.5,NL,2,16.3212999115545,22.0807867989567,5
SURC,0.5,NL,3,16.3130768462857,22.0797956484235,5
SURC,0.5,NL,4,16.3069396718116,22.0790596198411,5
SURC,0.5,NL,5,16.3024878305965,22.078528638325,5
SURC,0.5,NL,6,16.2960557532016,22.0777868529582,5
SURC,0.5,NL,7,16.2912097036391,22.0773332576889,5
SURC,0.5,NL,8,16.2873870445591,22.0769597879132,5
SURC,0.5,NL,9,16.2846164229338,22.0766893637214,5
SURC,0.5,NL,10,16.2823176370139,22.0764467258993,5
SURC,0.5,NL,11,16.2805423241009,22.0762610036221,5
SURC,0.5,NL,12,16.2790761336643,22.0761031525111,5
SURC,0.5,NL,13,16.2779329878685,22.0759826272478,5
SURC,0.5,NL,14,16.2770317268358,22.0758842000153,5
SURC,0.5,Other euro area,0,17.958316554685,47.0238698786053,16
SURC,0.5,Other euro area,1,17.9580304488468,47.001758938493,16
SURC,0.5,Other euro area,2,17.9526394827384,46.972059086584,16
SURC,0.5,Other euro area,3,17.9499938982971,46.9355528987499,16
SURC,0.5,Other euro area,4,17.9485668420559,46.8926412536797,16
SURC,0.5,Other euro area,5,17.9478966748483,46.8438144448962,16
SURC,0.5,Other euro area,6,17.9475561655338,46.7896038457063,16
SURC,0.5,Other euro area,7,17.9472427075798,46.7306491270968,16
SURC,0.5,Other euro area,8,17.9468776077706,46.6405294495139,16
SURC,0.5,Other euro area,9,17.9466201591292,46.5510403096401,16
SURC,0.5,Other euro area,10,17.9464106684829,46.4662224677531,16
SURC,0.5,Other euro area,11,17.946215181178,46.3857015712849,16
SURC,0.5,Other euro area,12,17.9460468038402,46.3091297456503,16
SURC,0.5,Other euro area,13,18.4794143156646,47.5886971921248,15
SURC,0.5,Other euro area,14,18.4793193652367,47.5810556439563,15
SURC,0.6,AT,0,13.818686854645,25.0915405934888,6
SURC,0.6,AT,1,13.8150762726319,25.0237692172895,6
SURC,0.6,AT,2,13.8135433703427,24.9355290223373,6
SURC,0.6,AT,3,13.8126443061286,24.8404549400687,6
SURC,0.6,AT,4,13.8122870153202,24.7367522443394,6
SURC,0.6,AT,5,13.81220165158,24.6162241204458,6
SURC,0.6,AT,6,13.8123818405473,24.4942783166574,6
SURC,0.6,AT,7,13.8125178117354,24.3619664367779,6
SURC,0.6,AT,8,13.8126171069006,24.2206866415388,6
SURC,0.6,AT,9,13.8126940702086,24.0718901425763,6
SURC,0.6,AT,10,13.8126815607587,23.916963669126,6
SURC,0.6,AT,11,13.8126939946963,23.7597843899447,6
SURC,0.6,AT,12,13.8127021404033,23.603544060372,6
SURC,0.6,AT,13,13.8126922854385,23.4483114303826,6
SURC,0.6,AT,14,13.812696015146,23.2941934291689,6
SURC,0.6,BE,0,17.2165505915266,21.5670445467837,4
SURC,0.6,BE,1,17.216254645972,21.566988040854,4
SURC,0.6,BE,2,17.2143207659513,21.5665817477273,4
SURC,0.6,BE,3,17.2125923525048,21.5662295113132,4
SURC,0.6,BE,4,17.2110969806599,21.5659266877842,4
SURC,0.6,BE,5,17.2097827339395,21.5656583718072,4
SURC,0.6,BE,6,17.2080777439856,21.5653126207613,4
SURC,0.6,BE,7,17.2069805552835,21.5650917394965,4
SURC,0.6,BE,8,17.2060636902948,21.5649082311943,4
SURC,0.6,BE,9,17.205294831924,21.5647558247024,4
SURC,0.6,BE,10,17.2046680187427,21.5646325196949,4
SURC,0.6,BE,11,17.2041513238925,21.564530552836,4
SURC,0.6,BE,12,17.2036955945436,21.564438400674,4
SURC,0.6,BE,13,17.203215626725,21.5643395399512,4
SURC,0.6,BE,14,17.2028231843822,21.5642590574849,4
SURC,0.6,DE,0,15.0813342243567,19.5648134901785,14
SURC,0.6,DE,1,15.0769267889942,19.5596851224721,14
SURC,0.6,DE,2,15.0713244696398,19.5475760192697,14
SURC,0.6,DE,3,15.0674163677034,19.5319025648482,14
SURC,0.6,DE,4,15.0648509294227,19.5131867546514,14
SURC,0.6,DE,5,15.0628083216421,19.4916848357889,14
SURC,0.6,DE,6,15.0615653754846,19.467609537219,14
SURC,0.6,DE,7,15.0605907701171,19.4410808205825,14
SURC,0.6,DE,8,15.0597566667148,19.4126540037114,14
SURC,0.6,DE,9,15.0594273944283,19.3817680539546,14
SURC,0.6,DE,10,15.059185867369,19.3487521207237,14
SURC,0.6,DE,11,15.0589595420817,19.3142679663117,14
SURC,0.6,DE,12,15.0588120792288,19.278633744794,14
SURC,0.6,DE,13,15.058704844857,19.2314263881486,14
SURC,0.6,DE,14,15.0584706080488,19.1712695225528,14
SURC,0.6,ES,0,10.9436508825588,28.7946140574031,6
SURC,0.6,ES,1,10.9369435190313,28.6902376371359,6
SURC,0.6,ES,2,10.9353822308032,28.5374308937226,6
SURC,0.6,ES,3,10.9355154739469,28.3438837851416,6
SURC,0.6,ES,4,10.9351898948019,28.1144190358356,6
SURC,0.6,ES,5,10.9392012012777,27.8522893741862,6
SURC,0.6,ES,6,10.9398006991154,27.5606449983288,6
SURC,0.6,ES,7,10.9439877954544,27.2444846735191,6
SURC,0.6,ES,8,10.9481039008693,26.9063687679588,6
SURC,0.6,ES,9,10.9529558652425,26.5493774958407,6
SURC,0.6,ES,10,10.9571529422462,26.1451140268596,6
SURC,0.6,ES,11,10.9605397303336,25.4761801060652,6
SURC,0.6,ES,12,11.072534106906,23.6846230462895,5
SURC,0.6,ES,13,11.0753422779822,23.3536479646361,5
SURC,0.6,ES,14,11.0774925112425,22.9758356722024,5
SURC,0.6,FR,0,12.3222873732242,19.0406950649064,5
SURC,0.6,FR,1,12.2638708971665,18.9985906089065,5
SURC,0.6,FR,2,12.2154960706023,18.8970585929621,5
SURC,0.6,FR,3,12.1708660234778,18.7601007420331,5
SURC,0.6,FR,4,12.1436262003813,18.5981650117951,5
SURC,0.6,FR,5,12.1201554704216,18.4138773501898,5
SURC,0.6,FR,6,12.0894181010406,18.2100808256301,5
SURC,0.6,FR,7,12.0709621371156,17.9952316945532,5
SURC,0.6,FR,8,12.0577020683118,17.7740000243949,5
SURC,0.6,FR,9,12.0476982824495,17.5570506404414,5
SURC,0.6,FR,10,12.0393254322707,17.3518475148131,5
SURC,0.6,FR,11,12.0333402278033,17.1627069779012,5
SURC,0.6,FR,12,12.0289196611174,16.9915389008011,5
SURC,0.6,FR,13,12.0250994627376,16.784910332585,5
SURC,0.6,FR,14,12.497519651136,17.0400770131525,4
SURC,0.6,GR,0,11.9491627855978,25.267207760947,4
SURC,0.6,GR,1,11.9490399123461,25.1328502761866,4
SURC,0.6,GR,2,11.9489076966126,24.9553780545014,4
SURC,0.6,GR,3,11.9483396705085,24.7366675930502,4
SURC,0.6,GR,4,11.9483388518021,24.4791241678116,4
SURC,0.6,GR,5,11.9483368589251,24.1854724573348,4
SURC,0.6,GR,6,11.9483365715141,23.8587555197375,4
SURC,0.6,GR,7,11.948336571453,23.5187441990318,4
SURC,0.6,GR,8,11.948336571402,23.1751723893993,4
SURC,0.6,GR,9,11.9483365630555,22.8282583261047,4
SURC,0.6,GR,10,11.9483357354033,22.47830783945,4
SURC,0.6,GR,11,11.9483354374449,22.1256999227613,4
SURC,0.6,GR,12,11.9483352043136,21.7708710856745,4
SURC,0.6,GR,13,11.9483352029167,21.4143007133624,4
SURC,0.6,GR,14,11.9483352015329,21.056496766939,4
SURC,0.6,IT,0,11.9511055676085,35.8593947878869,7
SURC,0.6,IT,1,11.9264270369266,35.8085990722855,7
SURC,0.6,IT,2,11.9144596294947,35.7223501215494,7
SURC,0.6,IT,3,11.9027628180533,35.5915070438542,7
SURC,0.6,IT,4,11.899575394648,35.4347857047386,7
SURC,0.6,IT,5,11.8983149435911,35.2514618580775,7
SURC,0.6,IT,6,11.8936592639208,35.0447736551177,7
SURC,0.6,IT,7,11.8927155591624,34.8188110885621,7
SURC,0.6,IT,8,11.8921900408391,34.5752421225317,7
SURC,0.6,IT,9,11.8929608212838,34.3160395432675,7
SURC,0.6,IT,10,11.8946335842749,34.0387715105816,7
SURC,0.6,IT,11,11.8971049836254,33.7490609648171,7
SURC,0.6,IT,12,11.9028316114161,33.447922043177,7
SURC,0.6,IT,13,11.9074654163977,33.0526344154135,7
SURC,0.6,IT,14,11.9118920260347,32.6211695461097,7
SURC,0.6,NL,0,16.1136613827016,22.0657908805965,5
SURC,0.6,NL,1,16.1115852606032,22.0655771111498,5
SURC,0.6,NL,2,16.0987270876392,22.0639699863929,5
SURC,0.6,NL,3,16.089703807397,22.0628787528485,5
SURC,0.6,NL,4,16.0826543842352,22.0620393372274,5
SURC,0.6,NL,5,16.0763419117237,22.0612730838919,5
SURC,0.6,NL,6,16.0703602901961,22.0606331290088,5
SURC,0.6,NL,7,16.0664770155908,22.0602712568774,5
SURC,0.6,NL,8,16.0632640111475,22.0599631081415,5
SURC,0.6,NL,9,16.0608308517404,22.0597312821201,5
SURC,0.6,NL,10,16.0585909599964,22.0594998368201,5
SURC,0.6,NL,11,16.0568787683533,22.0593225032658,5
SURC,0.6,NL,12,16.0555300112404,22.0591862691203,5
SURC,0.6,NL,13,16.0543441663336,22.05906552196,5
SURC,0.6,NL,14,16.0534220939035,22.0589716962957,5
SURC,0.6,Other euro area,0,17.4962169426106,46.9430557720573,16
SURC,0.6,Other euro area,1,17.4913154924683,46.9164223728834,16
SURC,0.6,Other euro area,2,17.4886614736629,46.8812540183398,16
SURC,0.6,Other euro area,3,17.4866530203984,46.8379532840559,16
SURC,0.6,Other euro area,4,17.4856629967002,46.7871743871082,16
SURC,0.6,Other euro area,5,17.485114146928,46.7295450279506,16
SURC,0.6,Other euro area,6,17.4848062708275,46.6657945476408,16
SURC,0.6,Other euro area,7,17.4845232064978,46.5811056458176,16
SURC,0.6,Other euro area,8,17.4842815547484,46.4839786109843,16
SURC,0.6,Other euro area,9,18.0101933814049,47.5109251879092,15
SURC,0.6,Other euro area,10,18.009998077056,47.5006048645252,15
SURC,0.6,Other euro area,11,18.0098195681227,47.4896033659995,15
SURC,0.6,Other euro area,12,18.0096789040166,47.4779661036144,15
SURC,0.6,Other euro area,13,18.0095543989971,47.4657362929316,15
SURC,0.6,Other euro area,14,18.0094607751188,47.4529589015942,15
SURC,0.7,AT,0,13.5563226700423,25.1108673212548,6
SURC,0.7,AT,1,13.5523890719769,25.0309520306891,6
SURC,0.7,AT,2,13.5507118537993,24.9321444396097,6
SURC,0.7,AT,3,13.5502594078157,24.8229748133838,6
SURC,0.7,AT,4,13.5500163678135,24.7004184933142,6
SURC,0.7,AT,5,13.5501658693309,24.5750159622987,6
SURC,0.7,AT,6,13.5502600086964,24.436539983229,6
SURC,0.7,AT,7,13.5505390206907,24.2869632267043,6
SURC,0.7,AT,8,13.5508361636953,24.1276365074332,6
SURC,0.7,AT,9,13.5511442337718,23.960038616618,6
SURC,0.7,AT,10,13.5514337238496,23.7861825854498,6
SURC,0.7,AT,11,13.5517368984433,23.6126909088796,6
SURC,0.7,AT,12,13.5516712317415,23.4390653194931,6
SURC,0.7,AT,13,13.5517024321712,23.2659092038635,6
SURC,0.7,AT,14,13.5518092742168,23.0936187882961,6
SURC,0.7,BE,0,16.9709563510271,21.6323627612911,4
SURC,0.7,BE,1,16.9705497364792,21.6322841411091,4
SURC,0.7,BE,2,16.9684526990808,21.6318465937049,4
SURC,0.7,BE,3,16.9666584706452,21.631478427317,4
SURC,0.7,BE,4,16.9652506903257,21.6311921756787,4
SURC,0.7,BE,5,16.9638281047087,21.6309042772153,4
SURC,0.7,BE,6,16.9623346521958,21.6306033559056,4
SURC,0.7,BE,7,16.9613602032046,21.6304072967955,4
SURC,0.7,BE,8,16.9605126878571,21.6302385085164,4
SURC,0.7,BE,9,16.9598447214655,21.6301073141505,4
SURC,0.7,BE,10,16.9591570603329,21.6299730408151,4
SURC,0.7,BE,11,16.9586006722321,21.6298647966783,4
SURC,0.7,BE,12,16.9581556688674,21.6297786310692,4
SURC,0.7,BE,13,16.9578298254104,21.6297157539862,4
SURC,0.7,BE,14,16.9575650644464,21.6296646270715,4
SURC,0.7,DE,0,14.6733562343256,19.6448565799362,14
SURC,0.7,DE,1,14.6686242898606,19.6356210822654,14
SURC,0.7,DE,2,14.6622894315678,19.6193253684107,14
SURC,0.7,DE,3,14.6583761744244,19.5989259771514,14
SURC,0.7,DE,4,14.6560664921439,19.574392943769,14
SURC,0.7,DE,5,14.6553663580944,19.5453019801869,14
SURC,0.7,DE,6,14.654811713658,19.5119685450654,14
SURC,0.7,DE,7,14.6545503591333,19.474845023209,14
SURC,0.7,DE,8,14.654122431741,19.4352019166963,14
SURC,0.7,DE,9,14.6552667164703,19.3915453318111,14
SURC,0.7,DE,10,14.6558078998064,19.3463493347656,14
SURC,0.7,DE,11,14.9043943185618,19.5916040092445,13
SURC,0.7,DE,12,14.90484230761,19.5589392454324,13
SURC,0.7,DE,13,14.9052375821485,19.5190576931919,13
SURC,0.7,DE,14,15.2399352681505,19.8439858294166,12
SURC,0.7,ES,0,10.6355841311954,29.3724502824325,6
SURC,0.7,ES,1,10.6270388435075,29.2526490667449,6
SURC,0.7,ES,2,10.6228004698775,29.0712751554219,6
SURC,0.7,ES,3,10.6231200720692,28.847908129456,6
SURC,0.7,ES,4,10.6240676210819,28.5841407937001,6
SURC,0.7,ES,5,10.6265013078655,28.2833533669938,6
SURC,0.7,ES,6,10.6275862074035,27.9502688279218,6
SURC,0.7,ES,7,10.6317932077429,27.5899460954002,6
SURC,0.7,ES,8,10.6356395283599,27.2061156075253,6
SURC,0.7,ES,9,10.6402987098957,26.8101480559026,6
SURC,0.7,ES,10,10.7446502240418,24.5420464556208,5
SURC,0.7,ES,11,10.7484502198951,24.2110376008848,5
SURC,0.7,ES,12,10.7514871860266,23.8548458047558,5
SURC,0.7,ES,13,10.7540497048938,23.4471570424561,5
SURC,0.7,ES,14,10.8950126908671,25.0710327922981,4
SURC,0.7,FR,0,11.949573634908,19.8179962171022,5
SURC,0.7,FR,1,11.8786997786676,19.7635736184708,5
SURC,0.7,FR,2,11.8199651739931,19.6466826657336,5
SURC,0.7,FR,3,11.7824695297008,19.4943397692442,5
SURC,0.7,FR,4,11.7587348333945,19.3125406863799,5
SURC,0.7,FR,5,11.7324025181734,19.1057316122453,5
SURC,0.7,FR,6,11.7049182045288,18.8798582075331,5
SURC,0.7,FR,7,11.6882303171881,18.6433114617188,5
SURC,0.7,FR,8,11.67586386181,18.409358644283,5
SURC,0.7,FR,9,11.6669113783082,18.1889935400362,5
SURC,0.7,FR,10,11.6585483778465,17.9879489537704,5
SURC,0.7,FR,11,11.6522285512769,17.8058178404557,5
SURC,0.7,FR,12,11.6469745000478,17.6218398820013,5
SURC,0.7,FR,13,11.6427977100533,17.334466227165,5
SURC,0.7,FR,14,11.6400453878696,17.0617912449509,5
SURC,0.7,GR,0,11.6558477397907,25.2571354682313,4
SURC,0.7,GR,1,11.6557238825008,25.1021372804862,4
SURC,0.7,GR,2,11.6555891206923,24.8977129517128,4
SURC,0.7,GR,3,11.6552108701663,24.646127405062,4
SURC,0.7,GR,4,11.6552165401729,24.3503619559265,4
SURC,0.7,GR,5,11.6552232023412,24.0138326217032,4
SURC,0.7,GR,6,11.6552273622132,23.6479488151429,4
SURC,0.7,GR,7,11.6552306543569,23.2760103292736,4
SURC,0.7,GR,8,11.6552330892015,22.8984830918789,4
SURC,0.7,GR,9,11.6552347495128,22.5159507902689,4
SURC,0.7,GR,10,11.6552359091047,22.129091952446,4
SURC,0.7,GR,11,11.6552363607029,21.7386561686152,4
SURC,0.7,GR,12,11.6552368631105,21.3454410820986,4
SURC,0.7,GR,13,11.655236967279,20.9532215802271,4
SURC,0.7,GR,14,11.6552370255538,20.5685236311246,4
SURC,0.7,IT,0,11.3371843984249,36.6346325020623,7
SURC,0.7,IT,1,11.3140031717214,36.5526946493031,7
SURC,0.7,IT,2,11.2982273437463,36.4050028410941,7
SURC,0.7,IT,3,11.290693860112,36.2129776115185,7
SURC,0.7,IT,4,11.2891333280785,35.9803350567769,7
SURC,0.7,IT,5,11.2852448504183,35.7131626341638,7
SURC,0.7,IT,6,11.2802130691047,35.4147648852994,7
SURC,0.7,IT,7,11.2783543943815,35.0890892312339,7
SURC,0.7,IT,8,11.2770001341456,34.7442799777632,7
SURC,0.7,IT,9,11.278412958949,34.3750458035569,7
SURC,0.7,IT,10,11.2780789953782,33.9886839576273,7
SURC,0.7,IT,11,11.2818809902795,33.4506431953816,7
SURC,0.7,IT,12,11.2850613911131,32.9112970384895,7
SURC,0.7,IT,13,11.3078841621197,33.4194611620833,6
SURC,0.7,IT,14,11.3120080070488,33.0615291413146,6
SURC,0.7,NL,0,15.8913846790074,22.2111275088907,5
SURC,0.7,NL,1,15.8884205315683,22.2108056561546,5
SURC,0.7,NL,2,15.8751915429558,22.2091327186752,5
SURC,0.7,NL,3,15.8661441544544,22.2079998450596,5
SURC,0.7,NL,4,15.8594328434143,22.2071750065945,5
SURC,0.7,NL,5,15.853779433761,22.2064877899568,5
SURC,0.7,NL,6,15.8487392589128,22.2058825137112,5
SURC,0.7,NL,7,15.8453042249026,22.2054836310674,5
SURC,0.7,NL,8,15.8424295391429,22.2042071361949,5
SURC,0.7,NL,9,15.84033153846,22.2040244876687,5
SURC,0.7,NL,10,15.8379302960304,22.2037934047158,5
SURC,0.7,NL,11,15.8360792445243,22.2036280669855,5
SURC,0.7,NL,12,15.8346021146862,22.2025882654318,5
SURC,0.7,NL,13,15.8335885466449,22.202514739575,5
SURC,0.7,NL,14,15.8328235746777,22.2024747079128,5
SURC,0.7,Other euro area,0,17.0340138245476,46.8785632390698,16
SURC,0.7,Other euro area,1,17.0286874727792,46.8474084256006,16
SURC,0.7,Other euro area,2,17.0254943533901,46.8063353978116,16
SURC,0.7,Other euro area,3,17.0240110295767,46.7559930511886,16
SURC,0.7,Other euro area,4,17.0232768229717,46.6970801031382,16
SURC,0.7,Other euro area,5,17.0228895435143,46.6304255209532,16
SURC,0.7,Other euro area,6,17.0225158832901,46.5559693417977,16
SURC,0.7,Other euro area,7,17.0221964205299,46.4510591492868,16
SURC,0.7,Other euro area,8,17.0219342574474,46.3511915075527,16
SURC,0.7,Other euro area,9,17.0217337362683,46.2559945338536,16
SURC,0.7,Other euro area,10,17.5403951184167,47.409686762825,15
SURC,0.7,Other euro area,11,17.5402428401141,47.3943487336364,15
SURC,0.7,Other euro area,12,17.5400986893302,47.3782567896946,15
SURC,0.7,Other euro area,13,17.5400007699715,47.3614991156235,15
SURC,0.7,Other euro area,14,17.5398716724301,47.3441582824243,15
SURC,0.8,AT,0,13.2949589646731,25.0787230854164,6
SURC,0.8,AT,1,13.2905116929163,24.9904431166417,6
SURC,0.8,AT,2,13.2890410864089,24.8817099220536,6
SURC,0.8,AT,3,13.2888412173095,24.7569533732453,6
SURC,0.8,AT,4,13.2885063225205,24.6144784620293,6
SURC,0.8,AT,5,13.2886629393714,24.4658624783319,6
SURC,0.8,AT,6,13.2888679876179,24.3012187602088,6
SURC,0.8,AT,7,13.2890543525195,24.1225890191294,6
SURC,0.8,AT,8,13.2891975982254,23.9320869921524,6
SURC,0.8,AT,9,13.289351459761,23.7318101472378,6
SURC,0.8,AT,10,13.2894732953871,23.5275916935997,6
SURC,0.8,AT,11,13.2895758763183,23.3224040164067,6
SURC,0.8,AT,12,13.2896525497407,23.1166811858857,6
SURC,0.8,AT,13,13.2897157986506,22.9108798989772,6
SURC,0.8,AT,14,13.2897555964332,22.7011642267805,6
SURC,0.8,BE,0,16.7253621665149,21.6165921471308,4
SURC,0.8,BE,1,16.7249247006218,21.6165102055619,4
SURC,0.8,BE,2,16.7226444329889,21.6160398754061,4
SURC,0.8,BE,3,16.7207464238185,21.6156528866445,4
SURC,0.8,BE,4,16.7193373846413,21.6153682476648,4
SURC,0.8,BE,5,16.7172823993224,21.6149544365369,4
SURC,0.8,BE,6,16.7159388326887,21.614685647049,4
SURC,0.8,BE,7,16.7148986695714,21.6144796374237,4
SURC,0.8,BE,8,16.7140630343401,21.6143150938056,4
SURC,0.8,BE,9,16.713416813041,21.6141885572202,4
SURC,0.8,BE,10,16.7129005381336,21.6140875700598,4
SURC,0.8,BE,11,16.7124816080144,21.6140056200983,4
SURC,0.8,BE,12,16.7121612156832,21.6139433732477,4
SURC,0.8,BE,13,16.7119021840815,21.613893544717,4
SURC,0.8,BE,14,16.7117044386362,21.613855596528,4
SURC,0.8,DE,0,14.2653445851149,19.6225899548119,14
SURC,0.8,DE,1,14.2600001677818,19.6081373602712,14
SURC,0.8,DE,2,14.2531222353006,19.5849690274327,14
SURC,0.8,DE,3,14.2507230458063,19.5544523774597,14
SURC,0.8,DE,4,14.2497517716641,19.5146583059574,14
SURC,0.8,DE,5,14.2495019524181,19.4682476706771,14
SURC,0.8,DE,6,14.2497337284059,19.4161434159934,14
SURC,0.8,DE,7,14.2498094008199,19.3587437484645,14
SURC,0.8,DE,8,14.249948040416,19.2962110765379,14
SURC,0.8,DE,9,14.250086783949,19.2300136434014,14
SURC,0.8,DE,10,14.4906983042507,19.4497912902805,13
SURC,0.8,DE,11,14.490775883814,19.3948387325727,13
SURC,0.8,DE,12,14.4908543468439,19.3289129074703,13
SURC,0.8,DE,13,14.4908078054207,19.246949919765,13
SURC,0.8,DE,14,14.8185181366786,19.5689094183254,12
SURC,0.8,ES,0,10.3256454430404,29.3222864818246,6
SURC,0.8,ES,1,10.322595794057,29.1819178294735,6
SURC,0.8,ES,2,10.3187351169425,28.9747126122934,6
SURC,0.8,ES,3,10.3154234891704,28.7179745138113,6
SURC,0.8,ES,4,10.3180211278713,28.4166103538197,6
SURC,0.8,ES,5,10.3165421755839,28.0740582788668,6
SURC,0.8,ES,6,10.3189840093043,27.6975587062251,6
SURC,0.8,ES,7,10.3222536150895,27.2910752977518,6
SURC,0.8,ES,8,10.3264723211005,26.8683508405149,6
SURC,0.8,ES,9,10.3298952276355,26.2953780915903,6
SURC,0.8,ES,10,10.3329360729468,25.6302640495188,6
SURC,0.8,ES,11,10.3354395017496,24.9944546041258,6
SURC,0.8,ES,12,10.4312123770952,26.2643063175321,5
SURC,0.8,ES,13,10.4337016474311,25.4731663835934,5
SURC,0.8,ES,14,10.5806751753641,24.2334462473999,4
SURC,0.8,FR,0,11.5731710411734,19.7839580622774,5
SURC,0.8,FR,1,11.4989265847113,19.7157183654868,5
SURC,0.8,FR,2,11.4359910569982,19.577033308591,5
SURC,0.8,FR,3,11.3942976041216,19.4052182018744,5
SURC,0.8,FR,4,11.3698449570983,19.2003668824992,5
SURC,0.8,FR,5,11.3310665952413,18.9674484099826,5
SURC,0.8,FR,6,11.3081718700065,18.7187371727383,5
SURC,0.8,FR,7,11.291949105368,18.4677042825814,5
SURC,0.8,FR,8,11.2806383534909,18.232188412348,5
SURC,0.8,FR,9,11.2716312208585,18.0192796184913,5
SURC,0.8,FR,10,11.2650189477366,17.8267501448144,5
SURC,0.8,FR,11,11.259817248042,17.6522512223891,5
SURC,0.8,FR,12,11.2562654035665,17.3874504038198,5
SURC,0.8,FR,13,11.6946164732668,17.5916781337841,4
SURC,0.8,FR,14,11.6933244702614,17.4018607182936,4
SURC,0.8,GR,0,11.3624944039897,25.2036598673877,4
SURC,0.8,GR,1,11.3623714435437,25.0272641151993,4
SURC,0.8,GR,2,11.3622837717963,24.7948839293379,4
SURC,0.8,GR,3,11.3618374097742,24.5093227575077,4
SURC,0.8,GR,4,11.3618424887631,24.174271775903,4
SURC,0.8,GR,5,11.3618482951185,23.7939457508866,4
SURC,0.8,GR,6,11.361853012809,23.3977705026032,4
SURC,0.8,GR,7,11.3618563602957,22.9934049635552,4
SURC,0.8,GR,8,11.361858609206,22.5817360526184,4
SURC,0.8,GR,9,11.3618602825385,22.1637804037498,4
SURC,0.8,GR,10,11.3618613612644,21.7406488319721,4
SURC,0.8,GR,11,11.3618618510812,21.316949419169,4
SURC,0.8,GR,12,11.3618624221969,20.9010752509497,4
SURC,0.8,GR,13,11.3618628175223,20.4928060723959,4
SURC,0.8,GR,14,11.3618622832904,20.091981301353,4
SURC,0.8,IT,0,10.7237736341082,36.5195677011368,7
SURC,0.8,IT,1,10.7008860913878,36.3596376034047,7
SURC,0.8,IT,2,10.6841814216315,36.1167330626347,7
SURC,0.8,IT,3,10.6759972695935,35.8049122699233,7
SURC,0.8,IT,4,10.6734372727322,35.4361502376653,7
SURC,0.8,IT,5,10.6637473365929,35.0141898409508,7
SURC,0.8,IT,6,10.6593260276748,34.5466569216466,7
SURC,0.8,IT,7,10.656458908261,34.0429453540975,7
SURC,0.8,IT,8,10.6571079214937,33.5030412199924,7
SURC,0.8,IT,9,10.6570802098344,32.8634211420241,7
SURC,0.8,IT,10,10.6596605498882,32.1262318173703,7
SURC,0.8,IT,11,10.6630314136004,31.3838249311722,7
SURC,0.8,IT,12,10.6665439700206,30.6252562286957,7
SURC,0.8,IT,13,10.6690834550724,29.8177410105949,7
SURC,0.8,IT,14,10.6724932498761,28.9688167010913,7
SURC,0.8,NL,0,15.6691151400852,22.194270425116,5
SURC,0.8,NL,1,15.6658887643176,22.1939653191193,5
SURC,0.8,NL,2,15.6523134542222,22.1913482798016,5
SURC,0.8,NL,3,15.6425820014809,22.1902217663149,5
SURC,0.8,NL,4,15.635954576226,22.1883144721997,5
SURC,0.8,NL,5,15.6288974850752,22.1875642751569,5
SURC,0.8,NL,6,15.6241701971555,22.1855064418769,5
SURC,0.8,NL,7,15.6204903597997,22.1842534881178,5
SURC,0.8,NL,8,15.6178450600017,22.1830822976605,5
SURC,0.8,NL,9,15.6153731424395,22.181842544515,5
SURC,0.8,NL,10,15.6135615872413,22.1805910848451,5
SURC,0.8,NL,11,15.612120260287,22.1792914126892,5
SURC,0.8,NL,12,15.6111643750764,22.177946419017,5
SURC,0.8,NL,13,15.6104377617799,22.1765437099556,5
SURC,0.8,NL,14,15.6099446948226,22.175084489067,5
SURC,0.8,Other euro area,0,16.571896981321,46.7939513523712,16
SURC,0.8,Other euro area,1,16.5665187363994,46.7532798876912,16
SURC,0.8,Other euro area,2,16.5632635136365,46.6996913592955,16
SURC,0.8,Other euro area,3,16.5616080440209,46.6342372439876,16
SURC,0.8,Other euro area,4,16.5609364017641,46.5582006425898,16
SURC,0.8,Other euro area,5,16.5605191420582,46.4724175839852,16
SURC,0.8,Other euro area,6,16.5601634241936,46.367610697616,16
SURC,0.8,Other euro area,7,16.5598305153999,46.2472178177959,16
SURC,0.8,Other euro area,8,17.0711562618116,47.2548460922509,15
SURC,0.8,Other euro area,9,17.0709059705091,47.221142203163,15
SURC,0.8,Other euro area,10,17.0706933326922,47.1848581288292,15
SURC,0.8,Other euro area,11,17.0705071615502,47.1461683536713,15
SURC,0.8,Other euro area,12,17.0703621992903,47.1052913120291,15
SURC,0.8,Other euro area,13,17.0702453966776,47.0627895622863,15
SURC,0.8,Other euro area,14,17.0701602500319,47.0179914872406,15
SURC,0.9,AT,0,13.0326324768325,25.0424772816059,6
SURC,0.9,AT,1,13.0287121835069,24.9469743037449,6
SURC,0.9,AT,2,13.0271836456692,24.8211482558791,6
SURC,0.9,AT,3,13.0264869274622,24.6772349105899,6
SURC,0.9,AT,4,13.0262296356459,24.5130603503028,6
SURC,0.9,AT,5,13.02642896413,24.3401006459139,6
SURC,0.9,AT,6,13.0266034013271,24.1489237457168,6
SURC,0.9,AT,7,13.0267834477144,23.9419009577951,6
SURC,0.9,AT,8,13.0269461612803,23.7215234427744,6
SURC,0.9,AT,9,13.0270830405576,23.4911988675292,6
SURC,0.9,AT,10,13.0271899405026,23.2583828543048,6
SURC,0.9,AT,11,13.0272744158372,23.0237199322324,6
SURC,0.9,AT,12,13.0273426475828,22.7878960505345,6
SURC,0.9,AT,13,13.0273969020778,22.5547325101498,6
SURC,0.9,AT,14,13.5857137574562,25.9901747796415,5
SURC,0.9,BE,0,16.4797679820026,21.6008215329705,4
SURC,0.9,BE,1,16.4792976330034,21.6007330860594,4
SURC,0.9,BE,2,16.4769528565871,21.6002506746175,4
SURC,0.9,BE,3,16.4749783272322,21.5998522466275,4
SURC,0.9,BE,4,16.4734417814056,21.5995433493985,4
SURC,0.9,BE,5,16.4714867231165,21.5991510944256,4
SURC,0.9,BE,6,16.4701678303021,21.598887875063,4
SURC,0.9,BE,7,16.4691885290723,21.5986933744976,4
SURC,0.9,BE,8,16.4684278729318,21.5985435770974,4
SURC,0.9,BE,9,16.4677670968025,21.5984142501906,4
SURC,0.9,BE,10,16.4672541881018,21.5983141346849,4
SURC,0.9,BE,11,16.466866536756,21.598239214532,4
SURC,0.9,BE,12,16.4665514789565,21.5981782056558,4
SURC,0.9,BE,13,16.4663092052405,21.5981316481655,4
SURC,0.9,BE,14,16.4661474702711,21.5981008721666,4
SURC,0.9,DE,0,13.8574287550942,19.5984781131953,14
SURC,0.9,DE,1,13.8522135107963,19.5782296487066,14
SURC,0.9,DE,2,13.8469686121377,19.5451703977869,14
SURC,0.9,DE,3,13.843470248905,19.4982224203238,14
SURC,0.9,DE,4,13.8424455798211,19.4397960806261,14
SURC,0.9,DE,5,13.8420650287615,19.3728080225247,14
SURC,0.9,DE,6,13.8421916568238,19.2975111000478,14
SURC,0.9,DE,7,13.8421467447434,19.2148237797755,14
SURC,0.9,DE,8,13.8422305225346,19.1264887555518,14
SURC,0.9,DE,9,14.075083664284,19.3153260268039,13
SURC,0.9,DE,10,14.0750759261748,19.2366944422842,13
SURC,0.9,DE,11,14.0750437305227,19.1505105121003,13
SURC,0.9,DE,12,14.3954493295318,19.3948251314292,12
SURC,0.9,DE,13,14.3954503406528,19.3202322349829,12
SURC,0.9,DE,14,14.3954823278669,19.2444386101817,12
SURC,0.9,ES,0,10.0158094487111,29.271088152157,6
SURC,0.9,ES,1,10.0123432082218,29.1068946462121,6
SURC,0.9,ES,2,10.0076577516821,28.8720039396958,6
SURC,0.9,ES,3,10.0040034093724,28.5813744948682,6
SURC,0.9,ES,4,10.0052018354653,28.2412450747575,6
SURC,0.9,ES,5,10.0037415381472,27.8561519010644,6
SURC,0.9,ES,6,10.0056912141093,27.4344664925905,6
SURC,0.9,ES,7,10.0086312980014,26.9870240533377,6
SURC,0.9,ES,8,10.0130884521887,26.5276651582991,6
SURC,0.9,ES,9,10.0164421414478,25.8175224683246,6
SURC,0.9,ES,10,10.0192638827054,25.1495742832128,6
SURC,0.9,ES,11,10.0216787413438,24.4836610978082,6
SURC,0.9,ES,12,10.2574541579196,25.0134844173254,4
SURC,0.9,ES,13,10.2604274521866,24.2514674616985,4
SURC,0.9,ES,14,10.2631732871418,23.5328471527693,4
SURC,0.9,FR,0,11.1947631244292,19.7498383017664,5
SURC,0.9,FR,1,11.1199412162352,19.6646700953584,5
SURC,0.9,FR,2,11.0553967009694,19.5096044321881,5
SURC,0.9,FR,3,11.0151585947459,19.3151129415173,5
SURC,0.9,FR,4,10.984065406398,19.0877921781312,5
SURC,0.9,FR,5,10.9465762803528,18.8328991769125,5
SURC,0.9,FR,6,10.9234370677555,18.5649822075428,5
SURC,0.9,FR,7,10.9080098513681,18.3119534081494,5
SURC,0.9,FR,8,10.8974790196043,18.0837364148814,5
SURC,0.9,FR,9,10.8885348384062,17.8774124536119,5
SURC,0.9,FR,10,10.8821184173333,17.6908890623938,5
SURC,0.9,FR,11,10.8758920381927,17.4801329114867,5
SURC,0.9,FR,12,10.8714366540983,17.1872388743719,5
SURC,0.9,FR,13,10.8694940640873,16.8830281889748,5
SURC,0.9,FR,14,11.2918126175028,17.2330476074409,4
SURC,0.9,GR,0,11.0691488330041,25.149624047562,4
SURC,0.9,GR,1,11.069020033816,24.9509797825864,4
SURC,0.9,GR,2,11.0688431242753,24.6895804832038,4
SURC,0.9,GR,3,11.0684386327826,24.3688969374583,4
SURC,0.9,GR,4,11.0684435536897,23.9934216392054,4
SURC,0.9,GR,5,11.0684501206341,23.5773605614789,4
SURC,0.9,GR,6,11.0684546991472,23.1500189071067,4
SURC,0.9,GR,7,11.0684580126354,22.7125922067064,4
SURC,0.9,GR,8,11.0684603485408,22.2664605808888,4
SURC,0.9,GR,9,11.0684619738549,21.8131375983897,4
SURC,0.9,GR,10,11.0684630636794,21.3650781155696,4
SURC,0.9,GR,11,11.0684634567097,20.9248526525249,4
SURC,0.9,GR,12,11.0684638122171,20.4923689042572,4
SURC,0.9,GR,13,11.06846420231,20.0675965263025,4
SURC,0.9,GR,14,11.0684633769346,19.6505483604963,4
SURC,0.9,IT,0,10.1116853082687,36.3677437743682,7
SURC,0.9,IT,1,10.0870209011807,36.0844036884631,7
SURC,0.9,IT,2,10.0688915021189,35.6733293032448,7
SURC,0.9,IT,3,10.0602543901116,35.160283138877,7
SURC,0.9,IT,4,10.0539894196152,34.5541993980456,7
SURC,0.9,IT,5,10.0446664717049,33.8628148815984,7
SURC,0.9,IT,6,10.0395742768285,33.0955686644682,7
SURC,0.9,IT,7,10.0365001586992,32.2846141972286,7
SURC,0.9,IT,8,10.0365799290514,31.3483385343092,7
SURC,0.9,IT,9,10.0353118516546,30.4220585080575,7
SURC,0.9,IT,10,10.0373642938746,29.4644106538957,7
SURC,0.9,IT,11,10.0101846818303,29.3015343951535,6
SURC,0.9,IT,12,9.62799639185421,17.1310781890931,5
SURC,0.9,IT,13,9.63157723400464,16.3637454072737,5
SURC,0.9,IT,14,9.33885311305573,15.5041046740511,4
SURC,0.9,NL,0,15.4468152786655,22.1774614512571,5
SURC,0.9,NL,1,15.4434715281264,22.1761787898423,5
SURC,0.9,NL,2,15.4293530491662,22.1745305876385,5
SURC,0.9,NL,3,15.4195560291184,22.1716573921075,5
SURC,0.9,NL,4,15.4125388847409,22.1697827577701,5
SURC,0.9,NL,5,15.4057938006861,22.167781461123,5
SURC,0.9,NL,6,15.4011669927033,22.165879623481,5
SURC,0.9,NL,7,15.3977496257742,22.1639720616727,5
SURC,0.9,NL,8,15.3952880410101,22.1620597437469,5
SURC,0.9,NL,9,15.3928020504397,22.1599822966614,5
SURC,0.9,NL,10,15.3910195299538,22.1578217613633,5
SURC,0.9,NL,11,15.3897649201923,22.1555422251477,5
SURC,0.9,NL,12,15.3888159146347,22.1533083071986,5
SURC,0.9,NL,13,15.3881313550984,22.1509694529726,5
SURC,0.9,NL,14,15.3877034993905,22.1485287960499,5
SURC,0.9,Other euro area,0,16.1097335350774,46.7054608863627,16
SURC,0.9,Other euro area,1,16.1042580707084,46.6495808901612,16
SURC,0.9,Other euro area,2,16.101038822104,46.5768499072457,16
SURC,0.9,Other euro area,3,16.0995721369671,46.4902982468733,16
SURC,0.9,Other euro area,4,16.0987072494883,46.3882538280808,16
SURC,0.9,Other euro area,5,16.0982332863559,46.2744109566279,16
SURC,0.9,Other euro area,6,16.0978313758658,46.1260978221232,16
SURC,0.9,Other euro area,7,16.0974068617348,45.9744831138849,16
SURC,0.9,Other euro area,8,16.0970495717017,45.8236935587244,16
SURC,0.9,Other euro area,9,16.0967976619935,45.6738650567872,16
SURC,0.9,Other euro area,10,16.0965775304707,45.5306221130547,16
SURC,0.9,Other euro area,11,16.0963736251613,45.3892899900393,16
SURC,0.9,Other euro area,12,16.0962029698373,45.2476473092014,16
SURC,0.9,Other euro area,13,16.096054103903,45.1083602019479,16
SURC,0.9,Other euro area,14,16.6004995136102,46.5017582549577,15
SURC,1,AT,0,12.7702464973139,25.0061688176201,6
SURC,1,AT,1,12.7664517691342,24.8978771119486,6
SURC,1,AT,2,12.7647572566956,24.7566017984758,6
SURC,1,AT,3,12.7639042876065,24.5937309100019,6
SURC,1,AT,4,12.7637018982625,24.4077326928337,6
SURC,1,AT,5,12.7638875952374,24.2103359146477,6
SURC,1,AT,6,12.7640261978352,23.9924722810726,6
SURC,1,AT,7,12.764215442725,23.7570443658878,6
SURC,1,AT,8,12.7643734738315,23.5069535302122,6
SURC,1,AT,9,12.764502590239,23.2493187047079,6
SURC,1,AT,10,12.7646050115439,22.988335060588,6
SURC,1,AT,11,12.7646876065813,22.7249818939114,6
SURC,1,AT,12,12.764752983087,22.4697065089024,6
SURC,1,AT,13,12.7648073393013,22.223144908311,6
SURC,1,AT,14,12.7648068711881,21.9677525791524,6
SURC,1,BE,0,16.2341737974904,21.5850509188101,4
SURC,1,BE,1,16.2337031617077,21.5849630691085,4
SURC,1,BE,2,16.2311917535072,21.5844478105838,4
SURC,1,BE,3,16.2291338672756,21.5840346192225,4
SURC,1,BE,4,16.227652814394,21.5837373308729,4
SURC,1,BE,5,16.2257955922567,21.5833653160597,4
SURC,1,BE,6,16.2245120582474,21.5831095079776,4
SURC,1,BE,7,16.2235603661245,21.5829214592527,4
SURC,1,BE,8,16.222802350838,21.5827725505171,4
SURC,1,BE,9,16.2221518249408,21.5826456101911,4
SURC,1,BE,10,16.2216674020902,21.5825521765948,4
SURC,1,BE,11,16.2212735096076,21.5824760696883,4
SURC,1,BE,12,16.2209763777613,21.5824187484572,4
SURC,1,BE,13,16.2208464785004,21.5823937756302,4
SURC,1,BE,14,16.2207577292475,21.5823770438628,4
SURC,1,DE,0,13.4496832300553,19.5746380615539,14
SURC,1,DE,1,13.444798813999,19.5466906853544,14
SURC,1,DE,2,13.4395935724892,19.4984029505957,14
SURC,1,DE,3,13.4360937874435,19.4334972829752,14
SURC,1,DE,4,13.4351576723442,19.3538736107162,14
SURC,1,DE,5,13.4349057303957,19.2642554421466,14
SURC,1,DE,6,13.4349581147622,19.1673943523409,14
SURC,1,DE,7,13.4348709539617,19.0627948401269,14
SURC,1,DE,8,13.4348500757058,18.9460467654617,14
SURC,1,DE,9,13.4347555110339,18.7973678571839,14
SURC,1,DE,10,13.6597344481956,19.0295583379989,13
SURC,1,DE,11,13.9729935476856,19.231624479621,12
SURC,1,DE,12,13.9729563374695,19.1357807935304,12
SURC,1,DE,13,13.9730332436217,19.0390918539386,12
SURC,1,DE,14,13.9731046252195,18.942283044393,12
SURC,1,ES,0,9.70596896617338,29.22007333884,6
SURC,1,ES,1,9.70222026858412,29.0313162450196,6
SURC,1,ES,2,9.69578871081247,28.7673660129961,6
SURC,1,ES,3,9.69092243360799,28.4419116514176,6
SURC,1,ES,4,9.6922682192954,28.0621811281374,6
SURC,1,ES,5,9.6908827491719,27.633945704632,6
SURC,1,ES,6,9.69270715029025,27.167415750842,6
SURC,1,ES,7,9.69558664795192,26.6909140521425,6
SURC,1,ES,8,9.69911946655087,26.0833581645083,6
SURC,1,ES,9,9.70235075316964,25.3785074544464,6
SURC,1,ES,10,9.78649518535402,23.4937597974397,5
SURC,1,ES,11,9.79111367397161,23.0196537342125,5
SURC,1,ES,12,9.9394115947982,24.384756308325,4
SURC,1,ES,13,9.94230592407328,23.6387629137571,4
SURC,1,ES,14,9.92386151818888,25.9051157542311,3
SURC,1,FR,0,10.81778213838,19.7281414513793,5
SURC,1,FR,1,10.7481783660045,19.6244678208642,5
SURC,1,FR,2,10.6767488803999,19.4521394351526,5
SURC,1,FR,3,10.6330496952184,19.237464624807,5
SURC,1,FR,4,10.6040445537824,18.9894920223887,5
SURC,1,FR,5,10.568810517763,18.7146144990659,5
SURC,1,FR,6,10.5458709986596,18.4409556108156,5
SURC,1,FR,7,10.5305757596474,18.1936296096923,5
SURC,1,FR,8,10.52004101785,17.9705079026727,5
SURC,1,FR,9,10.5110066216844,17.7688869942498,5
SURC,1,FR,10,10.5046522349453,17.5818914178775,5
SURC,1,FR,11,10.499823868837,17.3193680775637,5
SURC,1,FR,12,10.4960344649184,17.0075207895386,5
SURC,1,FR,13,10.8930348601429,17.2588849375842,4
SURC,1,FR,14,10.8916384827878,17.0844868602238,4
SURC,1,GR,0,10.7758040714486,25.0939856854448,4
SURC,1,GR,1,10.7756654220949,24.8707717103286,4
SURC,1,GR,2,10.7755095761144,24.577442064275,4
SURC,1,GR,3,10.7749814245724,24.2182362643887,4
SURC,1,GR,4,10.7749860246772,23.7986945348441,4
SURC,1,GR,5,10.7749924650535,23.3532889185437,4
SURC,1,GR,6,10.7749969305776,22.8943830561503,4
SURC,1,GR,7,10.7750001792702,22.423724898858,4
SURC,1,GR,8,10.7750024475097,21.9432917490544,4
SURC,1,GR,9,10.7750040385306,21.4706764499637,4
SURC,1,GR,10,10.7750048290618,21.0058371424304,4
SURC,1,GR,11,10.7750052988839,20.5488257490826,4
SURC,1,GR,12,10.7750055456443,20.0997608661929,4
SURC,1,GR,13,10.7750058155938,19.6588023424284,4
SURC,1,GR,14,10.7750053061975,19.2318265493816,4
SURC,1,IT,0,9.4986867769151,36.2158854766406,7
SURC,1,IT,1,9.47431289575823,35.8013311625438,7
SURC,1,IT,2,9.45624317480645,35.2139873903845,7
SURC,1,IT,3,9.44396908934652,34.4892026204458,7
SURC,1,IT,4,9.43794861371266,33.6371014616649,7
SURC,1,IT,5,9.42850868044268,32.6670105093015,7
SURC,1,IT,6,9.4225425799028,31.774861212813,7
SURC,1,IT,7,9.41861481444304,30.7867406474803,7
SURC,1,IT,8,9.41754606406268,29.6682961167389,7
SURC,1,IT,9,9.12226685685798,19.4500238888039,6
SURC,1,IT,10,9.12405734714434,18.6206921252039,6
SURC,1,IT,11,8.89581390907827,17.806512683173,5
SURC,1,IT,12,8.69061771301024,16.0381386903947,4
SURC,1,IT,13,8.69555006955268,15.3114337752306,4
SURC,1,IT,14,8.26739842218506,14.1052960150077,3
SURC,1,NL,0,15.2245747135105,22.1605931394686,5
SURC,1,NL,1,15.2212212650984,22.1588633220513,5
SURC,1,NL,2,15.2067835762727,22.1560441800887,5
SURC,1,NL,3,15.1966618687199,22.1535425725004,5
SURC,1,NL,4,15.1897348912993,22.1511943519191,5
SURC,1,NL,5,15.1831857769888,22.1486453803204,5
SURC,1,NL,6,15.1787424428836,22.1461195241477,5
SURC,1,NL,7,15.1753728057971,22.143493829367,5
SURC,1,NL,8,15.172854312164,22.1407808591309,5
SURC,1,NL,9,15.1705090764941,22.1380244325992,5
SURC,1,NL,10,15.1688970323065,22.1351234193146,5
SURC,1,NL,11,15.1676147032403,22.132057073723,5
SURC,1,NL,12,15.166707940673,22.128839187284,5
SURC,1,NL,13,15.1663372750674,22.1254965625433,5
SURC,1,NL,14,15.1660992957064,22.1219847496531,5
SURC,1,Other euro area,0,15.6476065435966,46.61498829046,16
SURC,1,Other euro area,1,15.6422325442462,46.5411458256565,16
SURC,1,Other euro area,2,15.6388859789972,46.4481453227062,16
SURC,1,Other euro area,3,15.6372703270063,46.3328628903985,16
SURC,1,Other euro area,4,15.6365209294763,46.195344384236,16
SURC,1,Other euro area,5,15.6360500670089,46.0387954623691,16
SURC,1,Other euro area,6,15.6356145443675,45.8526360660561,16
SURC,1,Other euro area,7,16.1323623563227,46.7697757644214,15
SURC,1,Other euro area,8,16.1320913470547,46.6737848861135,15
SURC,1,Other euro area,9,16.1318654361479,46.5653851889659,15
SURC,1,Other euro area,10,16.1316592988152,46.4560254767576,15
SURC,1,Other euro area,11,16.1314670934816,46.337308339653,15
SURC,1,Other euro area,12,16.1313171134193,46.227504014647,15
SURC,1,Other euro area,13,16.1311439807778,46.088292942985,15
SURC,1,Other euro area,14,16.1310129335833,45.9572957594495,15
